sample,rows,return_all_rows,max_abs_difference
GSM4029896_JB17001,5103,45184,1.27231470914424e-07
GSM4029897_JB17002,6176,57186,1.2645714975167976e-07
GSM4029898_JB17003,8239,57186,1.2382799052801374e-07
GSM4029899_JB17004,6977,57186,1.2693075290837186e-07
GSM4029900_JB17005,5105,45184,1.2285639394704617e-07
GSM4029901_JB17006,3993,34594,1.261489639414748e-07
GSM4029902_JB17007,5644,45184,1.2496351187163413e-07
GSM4029903_JB17008,5242,45184,1.2781443126108627e-07
GSM4029904_JB17015,8386,70600,1.266905429453402e-07
GSM4029905_JB17016,9988,70600,1.2361204837496587e-07
GSM4029906_JB17014,8431,70600,1.262547693059446e-07
GSM4029907_JB17010,6863,57186,1.2604008148286994e-07
GSM4029908_JB17019,7098,45184,1.275840035841469e-07
GSM4029909_JB17020,9245,57186,1.2644937485983831e-07
GSM4029910_JB17021,11759,57186,1.2843670926798723e-07
GSM4029911_JB17022,7611,57186,1.2638972957113026e-07
GSM4029912_JB17023,7036,45184,1.2517498459985177e-07
GSM4029913_JB17024,9513,57186,1.2541456639869608e-07
GSM4029914_JB17017,9281,70600,1.252695969178319e-07
GSM4029915_JB17018,6249,45184,1.2754108558166166e-07
GSM4029916_JB18063,9966,57186,1.259437919509665e-07
GSM4029917_JB18064,9765,70600,1.279549933785873e-07
GSM4029918_JB18065,5779,45184,1.2662502302251966e-07
GSM4029919_JB18066,5381,45184,1.2538560700825485e-07
GSM4029920_JB18067,5683,57186,1.2507434388187022e-07
GSM4029921_JB18068,7418,57186,1.2589262843309967e-07
GSM4029922_JB18069,7634,57186,1.259335123959815e-07
GSM4029923_JB18070,6848,57186,1.246391918563461e-07
GSM4029924_JB18071,7660,57186,1.2807118421331865e-07
GSM4029925_JB18072,8092,70600,1.2429973683669715e-07
GSM4029926_JB18073,9920,70600,1.2454140196904717e-07
GSM4029927_JB18074,10738,70600,1.243652433258191e-07
GSM4029928_JB18075,6490,57186,1.2591015985385923e-07
GSM4029929_JB18076,8937,70600,1.2824097839203574e-07
GSM4029930_JB18077,7470,57186,1.2813910987841126e-07
GSM4029931_JB18078,8670,70600,1.253355558228364e-07
GSM4029932_JB18079,6700,57186,1.2402198679151155e-07
GSM4029933_JB18080,8218,57186,1.2650485647913712e-07
GSM4029934_JB18081,5660,45184,1.2509713065433914e-07
GSM4029935_JB18082,7849,70600,1.2319153264161997e-07
GSM4029936_JB18085,5516,45184,1.2616677635968188e-07
GSM4029937_JB18086,6829,57186,1.250166122845897e-07
GSM4029938_JB18083,8441,70600,1.2735199306224132e-07
GSM4029939_JB18084,8213,70600,1.2600156695796727e-07
GSM4029940_JB19001,4895,55360,1.260453320606203e-07
GSM4029942_JB19003,4111,42385,1.258850051977234e-07
GSM4029943_JB19004,7952,55360,1.2601961740799084e-07
GSM4029944_JB19006,7490,55360,1.2382799052801374e-07
GSM4029945_JB19007,5432,55360,1.2489637379875518e-07
GSM4029946_JB19008,6075,55360,1.2652961656201e-07
GSM4029947_JB19009,4552,55360,1.243902835179611e-07
GSM4029948_JB19010,4536,55360,1.2531539039795092e-07
GSM4029949_JB19011,4350,55360,1.2441628871595611e-07
GSM4029950_JB19013,3994,42336,1.2260697557220368e-07
GSM4029951_JB19014,4404,42385,1.2584669806248172e-07
GSM4029952_JB19015,3611,42385,1.259100642636568e-07
