cohort,review_group,label,gene,cells,fraction_detected,mean_log_expression
child,excluded_unrestored,Ribosomal/Low-quality,CD3D,36505,0.5993699493220107,1.2713753
child,excluded_unrestored,Ribosomal/Low-quality,CD3E,36505,0.5818654978770031,1.1956083
child,excluded_unrestored,Ribosomal/Low-quality,CD4,36505,0.06925078756334749,0.10335556
child,excluded_unrestored,Ribosomal/Low-quality,IL7R,36505,0.6776058074236406,1.3576351
child,excluded_unrestored,Ribosomal/Low-quality,CCR7,36505,0.3952609231612108,0.68722767
child,excluded_unrestored,Ribosomal/Low-quality,TCF7,36505,0.4627859197370223,0.77364963
child,excluded_unrestored,Ribosomal/Low-quality,LEF1,36505,0.40920421860019174,0.6919535
child,excluded_unrestored,Ribosomal/Low-quality,CD8A,36505,0.21627174359676757,0.35612696
child,excluded_unrestored,Ribosomal/Low-quality,CD8B,36505,0.2961238186549788,0.55154896
child,excluded_unrestored,Ribosomal/Low-quality,NKG7,36505,0.31102588686481303,0.6598196
child,excluded_unrestored,Ribosomal/Low-quality,CCL5,36505,0.3023147514039173,0.77477336
child,excluded_unrestored,Ribosomal/Low-quality,GZMK,36505,0.17052458567319545,0.37171203
child,excluded_unrestored,Ribosomal/Low-quality,PRF1,36505,0.09924667853718669,0.15899864
child,excluded_unrestored,Ribosomal/Low-quality,GNLY,36505,0.2595808793315984,0.5153093
child,excluded_unrestored,Ribosomal/Low-quality,MS4A1,36505,0.021065607451034106,0.031681918
child,excluded_unrestored,Ribosomal/Low-quality,CD79A,36505,0.06790850568415285,0.09872101
child,excluded_unrestored,Ribosomal/Low-quality,CD79B,36505,0.06585399260375291,0.09582914
child,excluded_unrestored,Ribosomal/Low-quality,LYZ,36505,0.3281742227092179,0.5483049
child,excluded_unrestored,Ribosomal/Low-quality,LST1,36505,0.16342966716888097,0.24863859
child,excluded_unrestored,Ribosomal/Low-quality,FCN1,36505,0.07568826188193398,0.11355715
child,excluded_unrestored,Ribosomal/Low-quality,S100A8,36505,0.3014107656485413,0.5050986
child,excluded_unrestored,Ribosomal/Low-quality,S100A9,36505,0.37830434187097656,0.6558695
child,excluded_unrestored,Ribosomal/Low-quality,PPBP,36505,0.015696479934255582,0.02356796
child,excluded_unrestored,Ribosomal/Low-quality,PF4,36505,0.008793315984111766,0.013583921
child,excluded_unrestored,Ribosomal/Low-quality,HBA1,36505,0.12614710313655664,0.2432858
child,original_T,CD4 T Cells,CD3D,28319,0.9045870263780501,1.9307263
child,original_T,CD4 T Cells,CD3E,28319,0.8795155196158057,1.7547973
child,original_T,CD4 T Cells,CD4,28319,0.20696352272326,0.27039528
child,original_T,CD4 T Cells,IL7R,28319,0.7380204103252234,1.4752607
child,original_T,CD4 T Cells,CCR7,28319,0.26335675694763233,0.37647542
child,original_T,CD4 T Cells,TCF7,28319,0.46184540414562664,0.6839288
child,original_T,CD4 T Cells,LEF1,28319,0.36526713513895265,0.52839655
child,original_T,CD4 T Cells,CD8A,28319,0.05755852960909637,0.08043107
child,original_T,CD4 T Cells,CD8B,28319,0.07479077651047,0.1062237
child,original_T,CD4 T Cells,NKG7,28319,0.2545287616088139,0.38273376
child,original_T,CD4 T Cells,CCL5,28319,0.25862495144602565,0.48026314
child,original_T,CD4 T Cells,GZMK,28319,0.11603517073342985,0.22886124
child,original_T,CD4 T Cells,PRF1,28319,0.08912744094071118,0.121233426
child,original_T,CD4 T Cells,GNLY,28319,0.2662523394187648,0.4131809
child,original_T,CD4 T Cells,MS4A1,28319,0.025883682333415727,0.031900395
child,original_T,CD4 T Cells,CD79A,28319,0.061442847558176486,0.07930526
child,original_T,CD4 T Cells,CD79B,28319,0.1379639111550549,0.1759914
child,original_T,CD4 T Cells,LYZ,28319,0.3841943571453794,0.57424897
child,original_T,CD4 T Cells,LST1,28319,0.22211236272467247,0.29539073
child,original_T,CD4 T Cells,FCN1,28319,0.10318160952011017,0.12876368
child,original_T,CD4 T Cells,S100A8,28319,0.3718351636710336,0.56805795
child,original_T,CD4 T Cells,S100A9,28319,0.44803841943571454,0.72615343
child,original_T,CD4 T Cells,PPBP,28319,0.022069988347046154,0.028321825
child,original_T,CD4 T Cells,PF4,28319,0.013806984709912073,0.01810479
child,original_T,CD4 T Cells,HBA1,28319,0.14124792542109538,0.2435113
child,original_T,CD8 T Cells,CD3D,25501,0.9033371240343516,2.2663622
child,original_T,CD8 T Cells,CD3E,25501,0.8387514215128818,1.8598653
child,original_T,CD8 T Cells,CD4,25501,0.02415591545429591,0.0352003
child,original_T,CD8 T Cells,IL7R,25501,0.23257911454452768,0.41981563
child,original_T,CD8 T Cells,CCR7,25501,0.03564566095447237,0.05194116
child,original_T,CD8 T Cells,TCF7,25501,0.20065879769420808,0.3200525
child,original_T,CD8 T Cells,LEF1,25501,0.07062468138504373,0.105631515
child,original_T,CD8 T Cells,CD8A,25501,0.5759774126504843,1.1866921
child,original_T,CD8 T Cells,CD8B,25501,0.5186463275949963,1.0590645
child,original_T,CD8 T Cells,NKG7,25501,0.9958433002627348,3.8527558
child,original_T,CD8 T Cells,CCL5,25501,0.9939218069879613,3.6783361
child,original_T,CD8 T Cells,GZMK,25501,0.24089251401905806,0.54678357
child,original_T,CD8 T Cells,PRF1,25501,0.5820948198109878,1.1767
child,original_T,CD8 T Cells,GNLY,25501,0.7270303125367633,2.643767
child,original_T,CD8 T Cells,MS4A1,25501,0.022234422179522373,0.034073688
child,original_T,CD8 T Cells,CD79A,25501,0.036704442963021056,0.055050112
child,original_T,CD8 T Cells,CD79B,25501,0.07015411160346653,0.106616125
child,original_T,CD8 T Cells,LYZ,25501,0.3537116191521901,0.6169924
child,original_T,CD8 T Cells,LST1,25501,0.12340692521861887,0.1914977
child,original_T,CD8 T Cells,FCN1,25501,0.0872906944825693,0.13421218
child,original_T,CD8 T Cells,S100A8,25501,0.35237833810438807,0.62121975
child,original_T,CD8 T Cells,S100A9,25501,0.4152386180934081,0.76679313
child,original_T,CD8 T Cells,PPBP,25501,0.02125406846790322,0.034537666
child,original_T,CD8 T Cells,PF4,25501,0.012940668993372808,0.021696985
child,original_T,CD8 T Cells,HBA1,25501,0.17018940433708482,0.33724383
child,other,B Cells,CD3D,29889,0.1182040215463883,0.17601977
child,other,B Cells,CD3E,29889,0.08083241326240423,0.11693512
child,other,B Cells,CD4,29889,0.011241593897420455,0.015300174
child,other,B Cells,IL7R,29889,0.06306668004951654,0.09126375
child,other,B Cells,CCR7,29889,0.25564588979223124,0.4275974
child,other,B Cells,TCF7,29889,0.11030814011843822,0.16083582
child,other,B Cells,LEF1,29889,0.032286125330389104,0.04537605
child,other,B Cells,CD8A,29889,0.022148616547893876,0.030923078
child,other,B Cells,CD8B,29889,0.03650172304192178,0.051183198
child,other,B Cells,NKG7,29889,0.18458295694068053,0.2896378
child,other,B Cells,CCL5,29889,0.12158319114055338,0.18410388
child,other,B Cells,GZMK,29889,0.015089163237311385,0.021994721
child,other,B Cells,PRF1,29889,0.031951554083442066,0.046468645
child,other,B Cells,GNLY,29889,0.2175716818896584,0.34821317
child,other,B Cells,MS4A1,29889,0.8387032018468333,1.8906687
child,other,B Cells,CD79A,29889,0.9625949345913212,2.6522267
child,other,B Cells,CD79B,29889,0.8375656596072134,1.8784652
child,other,B Cells,LYZ,29889,0.362173374820168,0.6064408
child,other,B Cells,LST1,29889,0.17872796011910735,0.2736855
child,other,B Cells,FCN1,29889,0.09197363578574057,0.13807273
child,other,B Cells,S100A8,29889,0.3633778313091773,0.62762874
child,other,B Cells,S100A9,29889,0.43460804978420153,0.7843074
child,other,B Cells,PPBP,29889,0.017966475961055908,0.02874512
child,other,B Cells,PF4,29889,0.011709993643146307,0.019239336
child,other,B Cells,HBA1,29889,0.10391782930174981,0.19328514
child,other,Classical Monocytes,CD3D,37329,0.13354228615821478,0.18798241
child,other,Classical Monocytes,CD3E,37329,0.08851027351389,0.121531084
child,other,Classical Monocytes,CD4,37329,0.26022663344852526,0.37727067
child,other,Classical Monocytes,IL7R,37329,0.06640949395912026,0.09399781
child,other,Classical Monocytes,CCR7,37329,0.029655227838945593,0.03848835
child,other,Classical Monocytes,TCF7,37329,0.058721101556430656,0.07779129
child,other,Classical Monocytes,LEF1,37329,0.030887513729272148,0.040771708
child,other,Classical Monocytes,CD8A,37329,0.028422941948619038,0.03738147
child,other,Classical Monocytes,CD8B,37329,0.039861769669693806,0.053632766
child,other,Classical Monocytes,NKG7,37329,0.30231187548554744,0.45818713
child,other,Classical Monocytes,CCL5,37329,0.14707064212810417,0.21411303
child,other,Classical Monocytes,GZMK,37329,0.01813603364676257,0.025071718
child,other,Classical Monocytes,PRF1,37329,0.03335208550992526,0.044000942
child,other,Classical Monocytes,GNLY,37329,0.2575745399019529,0.38308033
child,other,Classical Monocytes,MS4A1,37329,0.02941412842562083,0.041109025
child,other,Classical Monocytes,CD79A,37329,0.04508559029173029,0.060949963
child,other,Classical Monocytes,CD79B,37329,0.06338235688070937,0.080605775
child,other,Classical Monocytes,LYZ,37329,0.9994106458785394,4.99419
child,other,Classical Monocytes,LST1,37329,0.9576200809022476,2.5298314
child,other,Classical Monocytes,FCN1,37329,0.9574057703126255,2.780115
child,other,Classical Monocytes,S100A8,37329,0.9976693723378607,4.8584995
child,other,Classical Monocytes,S100A9,37329,0.9991695464652147,5.2096457
child,other,Classical Monocytes,PPBP,37329,0.06273942511184334,0.10262016
child,other,Classical Monocytes,PF4,37329,0.03929920437193603,0.057081103
child,other,Classical Monocytes,HBA1,37329,0.20707760722226687,0.3930596
child,other,IFN-stimulated T Cells,CD3D,1182,0.9077834179357022,1.9402075
child,other,IFN-stimulated T Cells,CD3E,1182,0.8934010152284264,1.8369707
child,other,IFN-stimulated T Cells,CD4,1182,0.11505922165820642,0.15355605
child,other,IFN-stimulated T Cells,IL7R,1182,0.7326565143824028,1.4129282
child,other,IFN-stimulated T Cells,CCR7,1182,0.6269035532994924,1.0907055
child,other,IFN-stimulated T Cells,TCF7,1182,0.505922165820643,0.79927766
child,other,IFN-stimulated T Cells,LEF1,1182,0.4754653130287648,0.7570522
child,other,IFN-stimulated T Cells,CD8A,1182,0.19204737732656516,0.29430604
child,other,IFN-stimulated T Cells,CD8B,1182,0.2512690355329949,0.44074127
child,other,IFN-stimulated T Cells,NKG7,1182,0.23519458544839256,0.33687815
child,other,IFN-stimulated T Cells,CCL5,1182,0.18527918781725888,0.3499741
child,other,IFN-stimulated T Cells,GZMK,1182,0.09306260575296109,0.19825971
child,other,IFN-stimulated T Cells,PRF1,1182,0.07360406091370558,0.09765474
child,other,IFN-stimulated T Cells,GNLY,1182,0.22673434856175972,0.32226992
child,other,IFN-stimulated T Cells,MS4A1,1182,0.0194585448392555,0.025477808
child,other,IFN-stimulated T Cells,CD79A,1182,0.07529610829103214,0.09936131
child,other,IFN-stimulated T Cells,CD79B,1182,0.06937394247038917,0.09387314
child,other,IFN-stimulated T Cells,LYZ,1182,0.4010152284263959,0.6453498
child,other,IFN-stimulated T Cells,LST1,1182,0.1658206429780034,0.22836965
child,other,IFN-stimulated T Cells,FCN1,1182,0.1065989847715736,0.15173249
child,other,IFN-stimulated T Cells,S100A8,1182,0.41539763113367173,0.6668452
child,other,IFN-stimulated T Cells,S100A9,1182,0.49746192893401014,0.836141
child,other,IFN-stimulated T Cells,PPBP,1182,0.017766497461928935,0.025209898
child,other,IFN-stimulated T Cells,PF4,1182,0.012690355329949238,0.017619006
child,other,IFN-stimulated T Cells,HBA1,1182,0.12859560067681894,0.21889234
child,other,NK Cells,CD3D,16526,0.20694662955343096,0.42614108
child,other,NK Cells,CD3E,16526,0.30818104804550406,0.59773797
child,other,NK Cells,CD4,16526,0.01119448142321191,0.016427035
child,other,NK Cells,IL7R,16526,0.10795110734600025,0.18283686
child,other,NK Cells,CCR7,16526,0.03576182984388237,0.05349084
child,other,NK Cells,TCF7,16526,0.1692484569768849,0.26799318
child,other,NK Cells,LEF1,16526,0.06075275323732301,0.09005768
child,other,NK Cells,CD8A,16526,0.12549921336076486,0.2130393
child,other,NK Cells,CD8B,16526,0.05881641050465933,0.09392838
child,other,NK Cells,NKG7,16526,0.9932228004356771,4.2413063
child,other,NK Cells,CCL5,16526,0.791661624107467,2.6303725
child,other,NK Cells,GZMK,16526,0.12701198112065837,0.25997382
child,other,NK Cells,PRF1,16526,0.883153818225826,2.3554432
child,other,NK Cells,GNLY,16526,0.9856589616362096,4.5992885
child,other,NK Cells,MS4A1,16526,0.020815684376134576,0.031349774
child,other,NK Cells,CD79A,16526,0.044959457824034856,0.06798188
child,other,NK Cells,CD79B,16526,0.1409899552220743,0.223169
child,other,NK Cells,LYZ,16526,0.3196175723102989,0.5468217
child,other,NK Cells,LST1,16526,0.1340312235265642,0.21333113
child,other,NK Cells,FCN1,16526,0.08296018395255961,0.1261097
child,other,NK Cells,S100A8,16526,0.3206462543870265,0.56070775
child,other,NK Cells,S100A9,16526,0.40227520271087985,0.7462957
child,other,NK Cells,PPBP,16526,0.016156359675662594,0.027633917
child,other,NK Cells,PF4,16526,0.01167856710637783,0.020313999
child,other,NK Cells,HBA1,16526,0.15418129008834563,0.30292925
child,other,Non-classical Monocytes,CD3D,14201,0.15872121681571721,0.18085599
child,other,Non-classical Monocytes,CD3E,14201,0.1002746285472854,0.112190805
child,other,Non-classical Monocytes,CD4,14201,0.3822970213365256,0.47051373
child,other,Non-classical Monocytes,IL7R,14201,0.06992465319343708,0.078199096
child,other,Non-classical Monocytes,CCR7,14201,0.03549045841842124,0.0373145
child,other,Non-classical Monocytes,TCF7,14201,0.07612139990141539,0.08016412
child,other,Non-classical Monocytes,LEF1,14201,0.03534962326596718,0.037901137
child,other,Non-classical Monocytes,CD8A,14201,0.032462502640659106,0.03448931
child,other,Non-classical Monocytes,CD8B,14201,0.049926061544961625,0.053515088
child,other,Non-classical Monocytes,NKG7,14201,0.3730019012745581,0.49183837
child,other,Non-classical Monocytes,CCL5,14201,0.17977607210759805,0.219062
child,other,Non-classical Monocytes,GZMK,14201,0.023096965002464616,0.025046477
child,other,Non-classical Monocytes,PRF1,14201,0.039856348144496866,0.043340813
child,other,Non-classical Monocytes,GNLY,14201,0.3130765439053588,0.39054775
child,other,Non-classical Monocytes,MS4A1,14201,0.034786282656150976,0.038927943
child,other,Non-classical Monocytes,CD79A,14201,0.06422082951904795,0.06918533
child,other,Non-classical Monocytes,CD79B,14201,0.31941412576579115,0.42795357
child,other,Non-classical Monocytes,LYZ,14201,0.9888036053799029,3.967025
child,other,Non-classical Monocytes,LST1,14201,0.9958453630026054,3.1766849
child,other,Non-classical Monocytes,FCN1,14201,0.9569748609252869,2.7865884
child,other,Non-classical Monocytes,S100A8,14201,0.906203788465601,3.0586727
child,other,Non-classical Monocytes,S100A9,14201,0.9698612773748327,3.5895162
child,other,Non-classical Monocytes,PPBP,14201,0.0651362580099993,0.09344155
child,other,Non-classical Monocytes,PF4,14201,0.047602281529469756,0.0670176
child,other,Non-classical Monocytes,HBA1,14201,0.21625237659319765,0.3409833
child,other,Plasma Cells,CD3D,1373,0.45666423889293517,0.4054292
child,other,Plasma Cells,CD3E,1373,0.3445010924981792,0.26928094
child,other,Plasma Cells,CD4,1373,0.06773488710852149,0.046514995
child,other,Plasma Cells,IL7R,1373,0.21631463947560087,0.15766448
child,other,Plasma Cells,CCR7,1373,0.11289147851420248,0.070253015
child,other,Plasma Cells,TCF7,1373,0.2294246176256373,0.1609256
child,other,Plasma Cells,LEF1,1373,0.14202476329206118,0.09763434
child,other,Plasma Cells,CD8A,1373,0.11944646758922069,0.07973599
child,other,Plasma Cells,CD8B,1373,0.16970138383102695,0.11681989
child,other,Plasma Cells,NKG7,1373,0.6780772032046614,0.71959543
child,other,Plasma Cells,CCL5,1373,0.46030589949016754,0.40447593
child,other,Plasma Cells,GZMK,1373,0.10779315367807721,0.071787156
child,other,Plasma Cells,PRF1,1373,0.20393299344501092,0.15550876
child,other,Plasma Cells,GNLY,1373,0.7021121631463948,0.79674715
child,other,Plasma Cells,MS4A1,1373,0.18499635833940276,0.17026237
child,other,Plasma Cells,CD79A,1373,0.9184268026219956,1.9827659
child,other,Plasma Cells,CD79B,1373,0.8142753095411508,0.995298
child,other,Plasma Cells,LYZ,1373,0.8069919883466861,1.0508535
child,other,Plasma Cells,LST1,1373,0.44646758922068464,0.3663167
child,other,Plasma Cells,FCN1,1373,0.45010924981791695,0.3996429
child,other,Plasma Cells,S100A8,1373,0.817916970138383,1.3752824
child,other,Plasma Cells,S100A9,1373,0.8470502549162418,1.5627013
child,other,Plasma Cells,PPBP,1373,0.05899490167516387,0.04307416
child,other,Plasma Cells,PF4,1373,0.04224326292789512,0.026445955
child,other,Plasma Cells,HBA1,1373,0.370721048798252,0.49956924
child,other,Platelets,CD3D,1382,0.3422575976845152,0.5854545
child,other,Platelets,CD3E,1382,0.2793053545586107,0.41979662
child,other,Platelets,CD4,1382,0.23589001447178004,0.2748884
child,other,Platelets,IL7R,1382,0.1736613603473227,0.26595813
child,other,Platelets,CCR7,1382,0.07670043415340087,0.10246693
child,other,Platelets,TCF7,1382,0.1389290882778582,0.16623497
child,other,Platelets,LEF1,1382,0.09261939218523878,0.12051713
child,other,Platelets,CD8A,1382,0.12156295224312591,0.15908824
child,other,Platelets,CD8B,1382,0.1345875542691751,0.17525873
child,other,Platelets,NKG7,1382,0.5065123010130246,1.1842382
child,other,Platelets,CCL5,1382,0.869753979739508,2.2143683
child,other,Platelets,GZMK,1382,0.06657018813314038,0.09662431
child,other,Platelets,PRF1,1382,0.17945007235890015,0.2594027
child,other,Platelets,GNLY,1382,0.455137481910275,1.061622
child,other,Platelets,MS4A1,1382,0.03762662807525326,0.04903697
child,other,Platelets,CD79A,1382,0.060057887120115776,0.07005003
child,other,Platelets,CD79B,1382,0.10057887120115774,0.1095621
child,other,Platelets,LYZ,1382,0.8082489146164978,3.355503
child,other,Platelets,LST1,1382,0.7120115774240231,1.6823306
child,other,Platelets,FCN1,1382,0.6664254703328509,1.6396909
child,other,Platelets,S100A8,1382,0.8277858176555717,3.2742295
child,other,Platelets,S100A9,1382,0.8523878437047757,3.6066482
child,other,Platelets,PPBP,1382,0.7322720694645442,2.9296155
child,other,Platelets,PF4,1382,0.7054992764109985,2.4131536
child,other,Platelets,HBA1,1382,0.35238784370477566,0.6733136
child,other,RBCs,CD3D,1472,0.22146739130434784,0.42923048
child,other,RBCs,CD3E,1472,0.17866847826086957,0.329471
child,other,RBCs,CD4,1472,0.021739130434782608,0.037159193
child,other,RBCs,IL7R,1472,0.12907608695652173,0.24314182
child,other,RBCs,CCR7,1472,0.07336956521739131,0.123570755
child,other,RBCs,TCF7,1472,0.08355978260869565,0.14549716
child,other,RBCs,LEF1,1472,0.06453804347826086,0.10218621
child,other,RBCs,CD8A,1472,0.04483695652173913,0.07509642
child,other,RBCs,CD8B,1472,0.057065217391304345,0.09740018
child,other,RBCs,NKG7,1472,0.25271739130434784,0.4901454
child,other,RBCs,CCL5,1472,0.12771739130434784,0.24580473
child,other,RBCs,GZMK,1472,0.019021739130434784,0.037758164
child,other,RBCs,PRF1,1472,0.034646739130434784,0.068953864
child,other,RBCs,GNLY,1472,0.23505434782608695,0.4605746
child,other,RBCs,MS4A1,1472,0.025135869565217392,0.046124365
child,other,RBCs,CD79A,1472,0.043478260869565216,0.07700334
child,other,RBCs,CD79B,1472,0.025815217391304348,0.039157532
child,other,RBCs,LYZ,1472,0.6508152173913043,1.556305
child,other,RBCs,LST1,1472,0.18614130434782608,0.33697137
child,other,RBCs,FCN1,1472,0.18070652173913043,0.34800753
child,other,RBCs,S100A8,1472,0.6854619565217391,1.7370474
child,other,RBCs,S100A9,1472,0.7520380434782609,2.1081703
child,other,RBCs,PPBP,1472,0.09714673913043478,0.18143225
child,other,RBCs,PF4,1472,0.042798913043478264,0.08086988
child,other,RBCs,HBA1,1472,0.953125,8.166127
child,other,cDCs,CD3D,2167,0.2556529764651592,0.21719143
child,other,cDCs,CD3E,2167,0.20073834794646978,0.1635812
child,other,cDCs,CD4,2167,0.4863867097369635,0.44709644
child,other,cDCs,IL7R,2167,0.14213197969543148,0.12223553
child,other,cDCs,CCR7,2167,0.08306414397784956,0.063217565
child,other,cDCs,TCF7,2167,0.19473927088140286,0.15285726
child,other,cDCs,LEF1,2167,0.07291185971389016,0.05019831
child,other,cDCs,CD8A,2167,0.06829718504845408,0.052055966
child,other,cDCs,CD8B,2167,0.09183202584217813,0.06865107
child,other,cDCs,NKG7,2167,0.4766958929395478,0.47605878
child,other,cDCs,CCL5,2167,0.3017997231195201,0.2843956
child,other,cDCs,GZMK,2167,0.03784033225657591,0.029646099
child,other,cDCs,PRF1,2167,0.06506691278264883,0.048638456
child,other,cDCs,GNLY,2167,0.4231656668204892,0.39449966
child,other,cDCs,MS4A1,2167,0.0586063682510383,0.04705132
child,other,cDCs,CD79A,2167,0.10429164743885556,0.085206665
child,other,cDCs,CD79B,2167,0.19473927088140286,0.1524806
child,other,cDCs,LYZ,2167,0.9995385325334564,4.2399397
child,other,cDCs,LST1,2167,0.9833871712044301,2.213312
child,other,cDCs,FCN1,2167,0.7660359944623903,1.5256693
child,other,cDCs,S100A8,2167,0.7868020304568528,1.6613222
child,other,cDCs,S100A9,2167,0.9077065066912783,2.3966393
child,other,cDCs,PPBP,2167,0.08583294877711121,0.102654256
child,other,cDCs,PF4,2167,0.05122288878634056,0.06099671
child,other,cDCs,HBA1,2167,0.1693585602215044,0.2162114
child,other,pDCs,CD3D,803,0.19676214196762143,0.20688199
child,other,pDCs,CD3E,803,0.199252801992528,0.20747225
child,other,pDCs,CD4,803,0.5865504358655044,0.84137505
child,other,pDCs,IL7R,803,0.12826899128268993,0.12870911
child,other,pDCs,CCR7,803,0.0958904109589041,0.09785941
child,other,pDCs,TCF7,803,0.19053549190535493,0.18097635
child,other,pDCs,LEF1,803,0.0684931506849315,0.0629164
child,other,pDCs,CD8A,803,0.034869240348692404,0.034257896
child,other,pDCs,CD8B,803,0.05977584059775841,0.059887055
child,other,pDCs,NKG7,803,0.36737235367372356,0.42196947
child,other,pDCs,CCL5,803,0.23785803237858033,0.28117555
child,other,pDCs,GZMK,803,0.0323785803237858,0.033142094
child,other,pDCs,PRF1,803,0.0647571606475716,0.066017434
child,other,pDCs,GNLY,803,0.3412204234122042,0.4057007
child,other,pDCs,MS4A1,803,0.043586550435865505,0.04814179
child,other,pDCs,CD79A,803,0.18679950186799502,0.20186074
child,other,pDCs,CD79B,803,0.0821917808219178,0.0819717
child,other,pDCs,LYZ,803,0.50186799501868,0.6624229
child,other,pDCs,LST1,803,0.44582814445828145,0.5466682
child,other,pDCs,FCN1,803,0.16936488169364883,0.1612695
child,other,pDCs,S100A8,803,0.47322540473225405,0.6132342
child,other,pDCs,S100A9,803,0.523038605230386,0.7356677
child,other,pDCs,PPBP,803,0.10834371108343711,0.16492756
child,other,pDCs,PF4,803,0.0921544209215442,0.13832065
child,other,pDCs,HBA1,803,0.18181818181818182,0.25587198
child,restored,CD4 T Cells,CD3D,44396,1.0,2.0552056
child,restored,CD4 T Cells,CD3E,44396,1.0,2.0205994
child,restored,CD4 T Cells,CD4,44396,0.1584151725380665,0.21521087
child,restored,CD4 T Cells,IL7R,44396,0.7466888908910713,1.4678196
child,restored,CD4 T Cells,CCR7,44396,0.5564465267141184,0.92545104
child,restored,CD4 T Cells,TCF7,44396,0.554284169745022,0.8861008
child,restored,CD4 T Cells,LEF1,44396,0.521398324173349,0.83743197
child,restored,CD4 T Cells,CD8A,44396,0.037165510406342916,0.049424224
child,restored,CD4 T Cells,CD8B,44396,0.07428597170916298,0.10707419
child,restored,CD4 T Cells,NKG7,44396,0.18400306333903954,0.25568557
child,restored,CD4 T Cells,CCL5,44396,0.11737543922875934,0.17840315
child,restored,CD4 T Cells,GZMK,44396,0.0248445805928462,0.04155034
child,restored,CD4 T Cells,PRF1,44396,0.037931345166231194,0.050179303
child,restored,CD4 T Cells,GNLY,44396,0.22285791512748895,0.31857476
child,restored,CD4 T Cells,MS4A1,44396,0.018695377961978555,0.025353648
child,restored,CD4 T Cells,CD79A,44396,0.055004955401387515,0.073015966
child,restored,CD4 T Cells,CD79B,44396,0.06773132714658978,0.090760395
child,restored,CD4 T Cells,LYZ,44396,0.32484908550319846,0.49583322
child,restored,CD4 T Cells,LST1,44396,0.14514821155059016,0.20077752
child,restored,CD4 T Cells,FCN1,44396,0.07277682674114785,0.09950412
child,restored,CD4 T Cells,S100A8,44396,0.3169880169384629,0.49164146
child,restored,CD4 T Cells,S100A9,44396,0.4086854671592035,0.66531086
child,restored,CD4 T Cells,PPBP,44396,0.0173889539598162,0.02329653
child,restored,CD4 T Cells,PF4,44396,0.010834309397242994,0.014801773
child,restored,CD4 T Cells,HBA1,44396,0.11003243535453644,0.20047234
child,restored,CD8 T Cells,CD3D,32084,1.0,2.0190957
child,restored,CD8 T Cells,CD3E,32084,1.0,1.9845717
child,restored,CD8 T Cells,CD4,32084,0.016051614511906245,0.018421758
child,restored,CD8 T Cells,IL7R,32084,0.7625919461413789,1.3981832
child,restored,CD8 T Cells,CCR7,32084,0.5946577733449695,0.92745566
child,restored,CD8 T Cells,TCF7,32084,0.5813177907991522,0.8603062
child,restored,CD8 T Cells,LEF1,32084,0.5290799152225408,0.7772385
child,restored,CD8 T Cells,CD8A,32084,0.6529734447076424,1.0237551
child,restored,CD8 T Cells,CD8B,32084,0.8721169430245606,1.6833779
child,restored,CD8 T Cells,NKG7,32084,0.2615322279017579,0.37290207
child,restored,CD8 T Cells,CCL5,32084,0.19386610148360553,0.39884537
child,restored,CD8 T Cells,GZMK,32084,0.0714063084403441,0.14750496
child,restored,CD8 T Cells,PRF1,32084,0.06520383992020945,0.08032468
child,restored,CD8 T Cells,GNLY,32084,0.2356626355815983,0.31519848
child,restored,CD8 T Cells,MS4A1,32084,0.023064455803515772,0.02768793
child,restored,CD8 T Cells,CD79A,32084,0.14384116693679092,0.17870095
child,restored,CD8 T Cells,CD79B,32084,0.06108963969579853,0.07390569
child,restored,CD8 T Cells,LYZ,32084,0.35397706021693054,0.4987784
child,restored,CD8 T Cells,LST1,32084,0.175539209574866,0.21857852
child,restored,CD8 T Cells,FCN1,32084,0.0861800274280015,0.10612363
child,restored,CD8 T Cells,S100A8,32084,0.34375389602293976,0.49239755
child,restored,CD8 T Cells,S100A9,32084,0.43024560528612393,0.6576841
child,restored,CD8 T Cells,PPBP,32084,0.021973569380376513,0.026160946
child,restored,CD8 T Cells,PF4,32084,0.011282882433611769,0.01358255
child,restored,CD8 T Cells,HBA1,32084,0.10653285126542825,0.17839736
adult,excluded_unrestored,Ribosomal/Low-quality,CD3D,8915,0.5578238923163208,1.166349
adult,excluded_unrestored,Ribosomal/Low-quality,CD3E,8915,0.5518788558609086,1.1256814
adult,excluded_unrestored,Ribosomal/Low-quality,CD4,8915,0.117106001121705,0.17819494
adult,excluded_unrestored,Ribosomal/Low-quality,IL7R,8915,0.6395961862030286,1.2468323
adult,excluded_unrestored,Ribosomal/Low-quality,CCR7,8915,0.4621424565339316,0.8067745
adult,excluded_unrestored,Ribosomal/Low-quality,TCF7,8915,0.4260235558048233,0.7093462
adult,excluded_unrestored,Ribosomal/Low-quality,LEF1,8915,0.45675827257431295,0.7818227
adult,excluded_unrestored,Ribosomal/Low-quality,CD8A,8915,0.10588895120583286,0.16728587
adult,excluded_unrestored,Ribosomal/Low-quality,CD8B,8915,0.16545148625911385,0.31202438
adult,excluded_unrestored,Ribosomal/Low-quality,NKG7,8915,0.11991026360067303,0.18143354
adult,excluded_unrestored,Ribosomal/Low-quality,CCL5,8915,0.11699383062254627,0.20406726
adult,excluded_unrestored,Ribosomal/Low-quality,GZMK,8915,0.04318564217610768,0.08415348
adult,excluded_unrestored,Ribosomal/Low-quality,PRF1,8915,0.034212002243409985,0.0494018
adult,excluded_unrestored,Ribosomal/Low-quality,GNLY,8915,0.12484576556365676,0.19360209
adult,excluded_unrestored,Ribosomal/Low-quality,MS4A1,8915,0.010319685922602356,0.015684659
adult,excluded_unrestored,Ribosomal/Low-quality,CD79A,8915,0.03286595625350533,0.049012117
adult,excluded_unrestored,Ribosomal/Low-quality,CD79B,8915,0.051598429613011774,0.075041
adult,excluded_unrestored,Ribosomal/Low-quality,LYZ,8915,0.27134043746494674,0.44091833
adult,excluded_unrestored,Ribosomal/Low-quality,LST1,8915,0.11531127313516545,0.16932376
adult,excluded_unrestored,Ribosomal/Low-quality,FCN1,8915,0.05630959057767807,0.08013731
adult,excluded_unrestored,Ribosomal/Low-quality,S100A8,8915,0.22893998878295008,0.36655357
adult,excluded_unrestored,Ribosomal/Low-quality,S100A9,8915,0.24296130117779025,0.39030308
adult,excluded_unrestored,Ribosomal/Low-quality,PPBP,8915,0.024677509814918678,0.038680077
adult,excluded_unrestored,Ribosomal/Low-quality,PF4,8915,0.013348289399887829,0.020072075
adult,excluded_unrestored,Ribosomal/Low-quality,HBB,8915,0.2051598429613012,0.4293143
adult,excluded_unrestored,Ribosomal/Low-quality,HBA1,8915,0.09119461581604038,0.14775531
adult,excluded_unrestored,Ribosomal/Low-quality,HBA2,8915,0.15647784632641615,0.3090596
adult,original_T,CD4 T Cells,CD3D,10455,0.8831181252989001,1.7705647
adult,original_T,CD4 T Cells,CD3E,10455,0.8742228598756576,1.7213801
adult,original_T,CD4 T Cells,CD4,10455,0.1694882831181253,0.2220897
adult,original_T,CD4 T Cells,IL7R,10455,0.7910090865614539,1.6015359
adult,original_T,CD4 T Cells,CCR7,10455,0.27709230033476806,0.41073555
adult,original_T,CD4 T Cells,TCF7,10455,0.41979913916786227,0.6094998
adult,original_T,CD4 T Cells,LEF1,10455,0.33916786226685797,0.48618558
adult,original_T,CD4 T Cells,CD8A,10455,0.09392635102821617,0.14369886
adult,original_T,CD4 T Cells,CD8B,10455,0.11707317073170732,0.20098267
adult,original_T,CD4 T Cells,NKG7,10455,0.17972262075561932,0.26238164
adult,original_T,CD4 T Cells,CCL5,10455,0.34395026303204207,0.74744433
adult,original_T,CD4 T Cells,GZMK,10455,0.16135820181731228,0.32425085
adult,original_T,CD4 T Cells,PRF1,10455,0.06197991391678623,0.079483986
adult,original_T,CD4 T Cells,GNLY,10455,0.17532281205164993,0.26230213
adult,original_T,CD4 T Cells,MS4A1,10455,0.011860353897656623,0.016622433
adult,original_T,CD4 T Cells,CD79A,10455,0.026398852223816355,0.035634223
adult,original_T,CD4 T Cells,CD79B,10455,0.09143950263032043,0.11661252
adult,original_T,CD4 T Cells,LYZ,10455,0.3284552845528455,0.48120558
adult,original_T,CD4 T Cells,LST1,10455,0.1945480631276901,0.26037073
adult,original_T,CD4 T Cells,FCN1,10455,0.07422285987565758,0.09418615
adult,original_T,CD4 T Cells,S100A8,10455,0.29564801530368245,0.42732826
adult,original_T,CD4 T Cells,S100A9,10455,0.305117168818747,0.44342524
adult,original_T,CD4 T Cells,PPBP,10455,0.03529411764705882,0.04629307
adult,original_T,CD4 T Cells,PF4,10455,0.015016738402678144,0.019962525
adult,original_T,CD4 T Cells,HBB,10455,0.2839789574366332,0.5860608
adult,original_T,CD4 T Cells,HBA1,10455,0.12615973218555715,0.18867408
adult,original_T,CD4 T Cells,HBA2,10455,0.21807747489239598,0.42341447
adult,original_T,CD8 T Cells,CD3D,4387,0.9044905402325051,2.0379102
adult,original_T,CD8 T Cells,CD3E,4387,0.9010713471620697,1.9353426
adult,original_T,CD8 T Cells,CD4,4387,0.04148620925461591,0.05710736
adult,original_T,CD8 T Cells,IL7R,4387,0.5327102803738317,1.0131756
adult,original_T,CD8 T Cells,CCR7,4387,0.09778892181445178,0.14382692
adult,original_T,CD8 T Cells,TCF7,4387,0.31866879416457716,0.4855067
adult,original_T,CD8 T Cells,LEF1,4387,0.10439936175062685,0.14460725
adult,original_T,CD8 T Cells,CD8A,4387,0.47207658992477775,0.8726678
adult,original_T,CD8 T Cells,CD8B,4387,0.43811260542511965,0.86619586
adult,original_T,CD8 T Cells,NKG7,4387,0.9183952587189423,2.6891139
adult,original_T,CD8 T Cells,CCL5,4387,0.9810804650102576,3.267678
adult,original_T,CD8 T Cells,GZMK,4387,0.839525871894233,2.11111
adult,original_T,CD8 T Cells,PRF1,4387,0.3847731935263278,0.63922024
adult,original_T,CD8 T Cells,GNLY,4387,0.29974925917483475,0.66299134
adult,original_T,CD8 T Cells,MS4A1,4387,0.03031684522452701,0.04608403
adult,original_T,CD8 T Cells,CD79A,4387,0.017095965352176886,0.024297498
adult,original_T,CD8 T Cells,CD79B,4387,0.06815591520401185,0.09140986
adult,original_T,CD8 T Cells,LYZ,4387,0.3120583542284021,0.49011087
adult,original_T,CD8 T Cells,LST1,4387,0.18235696375655344,0.2651724
adult,original_T,CD8 T Cells,FCN1,4387,0.09026669705949396,0.12287895
adult,original_T,CD8 T Cells,S100A8,4387,0.28265329382265786,0.44371927
adult,original_T,CD8 T Cells,S100A9,4387,0.30772737633918396,0.48919204
adult,original_T,CD8 T Cells,PPBP,4387,0.030544791429222704,0.04125922
adult,original_T,CD8 T Cells,PF4,4387,0.020743104627307954,0.028296074
adult,original_T,CD8 T Cells,HBB,4387,0.3175290631410987,0.7067752
adult,original_T,CD8 T Cells,HBA1,4387,0.16526099840437658,0.2673289
adult,original_T,CD8 T Cells,HBA2,4387,0.24162297697743332,0.484491
adult,other,B Cells,CD3D,3126,0.0927703134996801,0.13839541
adult,other,B Cells,CD3E,3126,0.09884836852207293,0.14545193
adult,other,B Cells,CD4,3126,0.01471529110684581,0.020181717
adult,other,B Cells,IL7R,3126,0.07165706973768395,0.10659132
adult,other,B Cells,CCR7,3126,0.24312220089571338,0.3952228
adult,other,B Cells,TCF7,3126,0.10684580934101087,0.14836808
adult,other,B Cells,LEF1,3126,0.03870761356365963,0.05292728
adult,other,B Cells,CD8A,3126,0.01983365323096609,0.025860354
adult,other,B Cells,CD8B,3126,0.018234165067178502,0.024617584
adult,other,B Cells,NKG7,3126,0.1417146513115803,0.21323605
adult,other,B Cells,CCL5,3126,0.1343570057581574,0.2024485
adult,other,B Cells,GZMK,3126,0.022712731925783748,0.032229
adult,other,B Cells,PRF1,3126,0.023352527191298784,0.032606423
adult,other,B Cells,GNLY,3126,0.1657069737683941,0.2512305
adult,other,B Cells,MS4A1,3126,0.8509277031349968,1.8631152
adult,other,B Cells,CD79A,3126,0.9545745361484325,2.4744513
adult,other,B Cells,CD79B,3126,0.8071017274472169,1.6698564
adult,other,B Cells,LYZ,3126,0.30454254638515676,0.48893562
adult,other,B Cells,LST1,3126,0.14651311580294304,0.21265122
adult,other,B Cells,FCN1,3126,0.06845809341010876,0.09288019
adult,other,B Cells,S100A8,3126,0.2581573896353167,0.40778998
adult,other,B Cells,S100A9,3126,0.2770313499680102,0.44628078
adult,other,B Cells,PPBP,3126,0.026231605886116442,0.041227296
adult,other,B Cells,PF4,3126,0.01471529110684581,0.024255363
adult,other,B Cells,HBB,3126,0.22040946896992963,0.46226823
adult,other,B Cells,HBA1,3126,0.10236724248240563,0.16725072
adult,other,B Cells,HBA2,3126,0.16122840690978887,0.32325387
adult,other,Classical Monocytes,CD3D,11546,0.0907673653213234,0.1366598
adult,other,Classical Monocytes,CD3E,11546,0.07301229863156071,0.10349605
adult,other,Classical Monocytes,CD4,11546,0.28330157630348174,0.43533128
adult,other,Classical Monocytes,IL7R,11546,0.046076563311969514,0.06714882
adult,other,Classical Monocytes,CCR7,11546,0.018188117096830072,0.025999133
adult,other,Classical Monocytes,TCF7,11546,0.036982504763554476,0.052568037
adult,other,Classical Monocytes,LEF1,11546,0.019833708643686124,0.02811957
adult,other,Classical Monocytes,CD8A,11546,0.01888099774813788,0.0256197
adult,other,Classical Monocytes,CD8B,11546,0.022865061493157805,0.03215382
adult,other,Classical Monocytes,NKG7,11546,0.1996362376580634,0.31118813
adult,other,Classical Monocytes,CCL5,11546,0.14230036376234192,0.21971828
adult,other,Classical Monocytes,GZMK,11546,0.021912350597609563,0.031407684
adult,other,Classical Monocytes,PRF1,11546,0.028581326866447255,0.03986465
adult,other,Classical Monocytes,GNLY,11546,0.17928286852589642,0.2897191
adult,other,Classical Monocytes,MS4A1,11546,0.0084877879785207,0.012460584
adult,other,Classical Monocytes,CD79A,11546,0.013944223107569721,0.020261439
adult,other,Classical Monocytes,CD79B,11546,0.028667936947860732,0.039377965
adult,other,Classical Monocytes,LYZ,11546,0.999826779837173,5.082769
adult,other,Classical Monocytes,LST1,11546,0.9513251342456261,2.491683
adult,other,Classical Monocytes,FCN1,11546,0.9567815693746752,2.816922
adult,other,Classical Monocytes,S100A8,11546,0.9968820370691148,4.789243
adult,other,Classical Monocytes,S100A9,11546,0.9985276286159709,4.9614944
adult,other,Classical Monocytes,PPBP,11546,0.06261908886194353,0.10323377
adult,other,Classical Monocytes,PF4,11546,0.034557422483977134,0.052962616
adult,other,Classical Monocytes,HBB,11546,0.36601420405335183,0.92537224
adult,other,Classical Monocytes,HBA1,11546,0.20786419539234366,0.39657855
adult,other,Classical Monocytes,HBA2,11546,0.3114498527628616,0.7329214
adult,other,NK Cells,CD3D,12366,0.581918162704189,1.3982296
adult,other,NK Cells,CD3E,12366,0.6598738476467734,1.4265751
adult,other,NK Cells,CD4,12366,0.025473071324599708,0.037161537
adult,other,NK Cells,IL7R,12366,0.16359372472909592,0.27644986
adult,other,NK Cells,CCR7,12366,0.03550056606825166,0.052848693
adult,other,NK Cells,TCF7,12366,0.16197638686721655,0.2529547
adult,other,NK Cells,LEF1,12366,0.06671518680252304,0.09976396
adult,other,NK Cells,CD8A,12366,0.4071648067281255,0.8083638
adult,other,NK Cells,CD8B,12366,0.3099628012291768,0.61452186
adult,other,NK Cells,NKG7,12366,0.997493126314087,3.9507987
adult,other,NK Cells,CCL5,12366,0.9099951479864143,3.2701914
adult,other,NK Cells,GZMK,12366,0.170790878214459,0.35710165
adult,other,NK Cells,PRF1,12366,0.7630600032346757,1.7845371
adult,other,NK Cells,GNLY,12366,0.8113375384117743,3.269967
adult,other,NK Cells,MS4A1,12366,0.008410156881772603,0.01301992
adult,other,NK Cells,CD79A,12366,0.015283842794759825,0.023256173
adult,other,NK Cells,CD79B,12366,0.06792819019893255,0.10542891
adult,other,NK Cells,LYZ,12366,0.29694323144104806,0.5050835
adult,other,NK Cells,LST1,12366,0.1133753841177422,0.17207332
adult,other,NK Cells,FCN1,12366,0.07949215591136989,0.12018262
adult,other,NK Cells,S100A8,12366,0.26225133430373604,0.44399738
adult,other,NK Cells,S100A9,12366,0.2879670063076177,0.49146616
adult,other,NK Cells,PPBP,12366,0.03727963771631894,0.05765932
adult,other,NK Cells,PF4,12366,0.019327187449458192,0.029506486
adult,other,NK Cells,HBB,12366,0.34586770176289827,0.85860157
adult,other,NK Cells,HBA1,12366,0.21583373766779881,0.40610173
adult,other,NK Cells,HBA2,12366,0.2972666990134239,0.65794164
adult,other,Non-classical Monocytes,CD3D,4847,0.13864245925314628,0.14770602
adult,other,Non-classical Monocytes,CD3E,4847,0.10480709717350939,0.10722002
adult,other,Non-classical Monocytes,CD4,4847,0.4031359603878688,0.47137526
adult,other,Non-classical Monocytes,IL7R,4847,0.07447905921188364,0.07593611
adult,other,Non-classical Monocytes,CCR7,4847,0.031772230245512685,0.03135248
adult,other,Non-classical Monocytes,TCF7,4847,0.07530431194553332,0.07541853
adult,other,Non-classical Monocytes,LEF1,4847,0.03135960387868785,0.029861132
adult,other,Non-classical Monocytes,CD8A,4847,0.030534351145038167,0.028627992
adult,other,Non-classical Monocytes,CD8B,4847,0.045182587167319994,0.047033682
adult,other,Non-classical Monocytes,NKG7,4847,0.325149577057974,0.39566138
adult,other,Non-classical Monocytes,CCL5,4847,0.2502578914792655,0.33246356
adult,other,Non-classical Monocytes,GZMK,4847,0.03280379616257479,0.03295158
adult,other,Non-classical Monocytes,PRF1,4847,0.05405405405405406,0.05638845
adult,other,Non-classical Monocytes,GNLY,4847,0.21559727666597894,0.250147
adult,other,Non-classical Monocytes,MS4A1,4847,0.009284093253558903,0.009240093
adult,other,Non-classical Monocytes,CD79A,4847,0.028677532494326387,0.029654894
adult,other,Non-classical Monocytes,CD79B,4847,0.3307200330101093,0.42480096
adult,other,Non-classical Monocytes,LYZ,4847,0.9884464617289045,3.6439776
adult,other,Non-classical Monocytes,LST1,4847,0.991128533113266,3.1998727
adult,other,Non-classical Monocytes,FCN1,4847,0.9187126057355065,2.4615195
adult,other,Non-classical Monocytes,S100A8,4847,0.843820920156798,2.199421
adult,other,Non-classical Monocytes,S100A9,4847,0.9325355890241387,2.6625679
adult,other,Non-classical Monocytes,PPBP,4847,0.12688260779863833,0.26898244
adult,other,Non-classical Monocytes,PF4,4847,0.09263461935217661,0.184534
adult,other,Non-classical Monocytes,HBB,4847,0.5009284093253559,1.1231796
adult,other,Non-classical Monocytes,HBA1,4847,0.32246750567361254,0.49022123
adult,other,Non-classical Monocytes,HBA2,4847,0.4332576851660821,0.8894273
adult,other,Plasma Cells,CD3D,222,0.31981981981981983,0.2568324
adult,other,Plasma Cells,CD3E,222,0.30180180180180183,0.241712
adult,other,Plasma Cells,CD4,222,0.05405405405405406,0.034806147
adult,other,Plasma Cells,IL7R,222,0.20270270270270271,0.16191727
adult,other,Plasma Cells,CCR7,222,0.1036036036036036,0.06762391
adult,other,Plasma Cells,TCF7,222,0.25675675675675674,0.17056735
adult,other,Plasma Cells,LEF1,222,0.13063063063063063,0.09455833
adult,other,Plasma Cells,CD8A,222,0.0945945945945946,0.060144708
adult,other,Plasma Cells,CD8B,222,0.1036036036036036,0.07351363
adult,other,Plasma Cells,NKG7,222,0.45495495495495497,0.42491293
adult,other,Plasma Cells,CCL5,222,0.42342342342342343,0.40724203
adult,other,Plasma Cells,GZMK,222,0.10810810810810811,0.089935966
adult,other,Plasma Cells,PRF1,222,0.19369369369369369,0.1459494
adult,other,Plasma Cells,GNLY,222,0.4369369369369369,0.42278895
adult,other,Plasma Cells,MS4A1,222,0.07657657657657657,0.06746714
adult,other,Plasma Cells,CD79A,222,0.9099099099099099,2.197942
adult,other,Plasma Cells,CD79B,222,0.7342342342342343,0.8412188
adult,other,Plasma Cells,LYZ,222,0.6711711711711712,0.7790417
adult,other,Plasma Cells,LST1,222,0.3333333333333333,0.2713876
adult,other,Plasma Cells,FCN1,222,0.34684684684684686,0.27670848
adult,other,Plasma Cells,S100A8,222,0.6396396396396397,0.72598994
adult,other,Plasma Cells,S100A9,222,0.6576576576576577,0.76509005
adult,other,Plasma Cells,PPBP,222,0.13513513513513514,0.11827462
adult,other,Plasma Cells,PF4,222,0.04954954954954955,0.045489658
adult,other,Plasma Cells,HBB,222,0.6036036036036037,1.0635164
adult,other,Plasma Cells,HBA1,222,0.35585585585585583,0.48008674
adult,other,Plasma Cells,HBA2,222,0.5045045045045045,0.8064336
adult,other,Platelets,CD3D,297,0.3771043771043771,0.754401
adult,other,Platelets,CD3E,297,0.37373737373737376,0.7319217
adult,other,Platelets,CD4,297,0.07744107744107744,0.09767336
adult,other,Platelets,IL7R,297,0.2828282828282828,0.51209295
adult,other,Platelets,CCR7,297,0.1919191919191919,0.3013271
adult,other,Platelets,TCF7,297,0.15488215488215487,0.21526565
adult,other,Platelets,LEF1,297,0.19865319865319866,0.29728904
adult,other,Platelets,CD8A,297,0.09764309764309764,0.17640983
adult,other,Platelets,CD8B,297,0.10774410774410774,0.19357795
adult,other,Platelets,NKG7,297,0.26262626262626265,0.7266468
adult,other,Platelets,CCL5,297,0.9528619528619529,3.4876294
adult,other,Platelets,GZMK,297,0.08080808080808081,0.15269783
adult,other,Platelets,PRF1,297,0.12121212121212122,0.2538967
adult,other,Platelets,GNLY,297,0.25925925925925924,0.683981
adult,other,Platelets,MS4A1,297,0.016835016835016835,0.017967552
adult,other,Platelets,CD79A,297,0.02356902356902357,0.033027466
adult,other,Platelets,CD79B,297,0.030303030303030304,0.042933118
adult,other,Platelets,LYZ,297,0.32323232323232326,0.5942056
adult,other,Platelets,LST1,297,0.11447811447811448,0.17886856
adult,other,Platelets,FCN1,297,0.08754208754208755,0.13431637
adult,other,Platelets,S100A8,297,0.2996632996632997,0.5229643
adult,other,Platelets,S100A9,297,0.30303030303030304,0.5325418
adult,other,Platelets,PPBP,297,0.98989898989899,4.7810907
adult,other,Platelets,PF4,297,0.9629629629629629,4.1151476
adult,other,Platelets,HBB,297,0.31986531986531985,0.8300531
adult,other,Platelets,HBA1,297,0.44107744107744107,1.0085531
adult,other,Platelets,HBA2,297,0.30303030303030304,0.68451846
adult,other,RBCs,CD3D,1093,0.14089661482159194,0.20873947
adult,other,RBCs,CD3E,1093,0.12351326623970722,0.18975164
adult,other,RBCs,CD4,1093,0.0192131747483989,0.019318515
adult,other,RBCs,IL7R,1093,0.07593778591033852,0.10405972
adult,other,RBCs,CCR7,1093,0.035681610247026534,0.040459972
adult,other,RBCs,TCF7,1093,0.0484903934126258,0.05828216
adult,other,RBCs,LEF1,1093,0.03751143641354071,0.041313026
adult,other,RBCs,CD8A,1093,0.04574565416285453,0.058326825
adult,other,RBCs,CD8B,1093,0.043000914913083256,0.0616857
adult,other,RBCs,NKG7,1093,0.19213174748398903,0.29346356
adult,other,RBCs,CCL5,1093,0.1537053979871912,0.24265414
adult,other,RBCs,GZMK,1093,0.0292772186642269,0.045689855
adult,other,RBCs,PRF1,1093,0.07410795974382434,0.10082819
adult,other,RBCs,GNLY,1093,0.13174748398902103,0.17281088
adult,other,RBCs,MS4A1,1093,0.004574565416285453,0.0052108304
adult,other,RBCs,CD79A,1093,0.012808783165599268,0.013122887
adult,other,RBCs,CD79B,1093,0.008234217749313814,0.009404929
adult,other,RBCs,LYZ,1093,0.2698993595608417,0.3133166
adult,other,RBCs,LST1,1093,0.10521500457456541,0.11281951
adult,other,RBCs,FCN1,1093,0.10887465690759378,0.11115434
adult,other,RBCs,S100A8,1093,0.2753888380603843,0.3265761
adult,other,RBCs,S100A9,1093,0.27264409881061297,0.32976177
adult,other,RBCs,PPBP,1093,0.04117108874656908,0.04405118
adult,other,RBCs,PF4,1093,0.0192131747483989,0.022629585
adult,other,RBCs,HBB,1093,0.9981701738334858,8.267269
adult,other,RBCs,HBA1,1093,0.9963403476669717,7.2907352
adult,other,RBCs,HBA2,1093,0.9981701738334858,7.7382607
adult,other,pDCs,CD3D,457,0.1400437636761488,0.16106957
adult,other,pDCs,CD3E,457,0.19474835886214442,0.22473615
adult,other,pDCs,CD4,457,0.5382932166301969,0.7882541
adult,other,pDCs,IL7R,457,0.0962800875273523,0.10000236
adult,other,pDCs,CCR7,457,0.07221006564551423,0.07714432
adult,other,pDCs,TCF7,457,0.13347921225382933,0.14036277
adult,other,pDCs,LEF1,457,0.0262582056892779,0.025419127
adult,other,pDCs,CD8A,457,0.028446389496717725,0.025101062
adult,other,pDCs,CD8B,457,0.028446389496717725,0.032177463
adult,other,pDCs,NKG7,457,0.3085339168490153,0.3829638
adult,other,pDCs,CCL5,457,0.19693654266958424,0.25732017
adult,other,pDCs,GZMK,457,0.02188183807439825,0.01624553
adult,other,pDCs,PRF1,457,0.0700218818380744,0.07758167
adult,other,pDCs,GNLY,457,0.24945295404814005,0.31992528
adult,other,pDCs,MS4A1,457,0.01312910284463895,0.014603033
adult,other,pDCs,CD79A,457,0.16849015317286653,0.18371975
adult,other,pDCs,CD79B,457,0.04814004376367615,0.046123248
adult,other,pDCs,LYZ,457,0.5295404814004376,0.7613549
adult,other,pDCs,LST1,457,0.44638949671772427,0.5655958
adult,other,pDCs,FCN1,457,0.15973741794310722,0.15810856
adult,other,pDCs,S100A8,457,0.41575492341356673,0.5065085
adult,other,pDCs,S100A9,457,0.3916849015317287,0.46792373
adult,other,pDCs,PPBP,457,0.11597374179431072,0.14816907
adult,other,pDCs,PF4,457,0.0525164113785558,0.08528632
adult,other,pDCs,HBB,457,0.38293216630196936,0.624398
adult,other,pDCs,HBA1,457,0.19474835886214442,0.24405397
adult,other,pDCs,HBA2,457,0.31072210065645517,0.47181684
adult,restored,CD4 T Cells,CD3D,13000,1.0,2.0425453
adult,restored,CD4 T Cells,CD3E,13000,1.0,2.011961
adult,restored,CD4 T Cells,CD4,13000,0.1763846153846154,0.24714139
adult,restored,CD4 T Cells,IL7R,13000,0.7055384615384616,1.3453642
adult,restored,CD4 T Cells,CCR7,13000,0.5191538461538462,0.86218494
adult,restored,CD4 T Cells,TCF7,13000,0.4899230769230769,0.7748975
adult,restored,CD4 T Cells,LEF1,13000,0.5132307692307693,0.83681387
adult,restored,CD4 T Cells,CD8A,13000,0.021538461538461538,0.02940255
adult,restored,CD4 T Cells,CD8B,13000,0.036076923076923076,0.055198036
adult,restored,CD4 T Cells,NKG7,13000,0.1113076923076923,0.15601684
adult,restored,CD4 T Cells,CCL5,13000,0.10246153846153847,0.149094
adult,restored,CD4 T Cells,GZMK,13000,0.029384615384615384,0.04961132
adult,restored,CD4 T Cells,PRF1,13000,0.035076923076923075,0.046779044
adult,restored,CD4 T Cells,GNLY,13000,0.141,0.19989312
adult,restored,CD4 T Cells,MS4A1,13000,0.008384615384615384,0.011599619
adult,restored,CD4 T Cells,CD79A,13000,0.022,0.030816909
adult,restored,CD4 T Cells,CD79B,13000,0.06723076923076923,0.09068191
adult,restored,CD4 T Cells,LYZ,13000,0.2926923076923077,0.44075578
adult,restored,CD4 T Cells,LST1,13000,0.12784615384615386,0.1766144
adult,restored,CD4 T Cells,FCN1,13000,0.06253846153846154,0.08355466
adult,restored,CD4 T Cells,S100A8,13000,0.25115384615384617,0.37382177
adult,restored,CD4 T Cells,S100A9,13000,0.2716923076923077,0.4057482
adult,restored,CD4 T Cells,PPBP,13000,0.028923076923076923,0.040735263
adult,restored,CD4 T Cells,PF4,13000,0.01646153846153846,0.0237306
adult,restored,CD4 T Cells,HBB,13000,0.22846153846153847,0.45012954
adult,restored,CD4 T Cells,HBA1,13000,0.09115384615384615,0.13452984
adult,restored,CD4 T Cells,HBA2,13000,0.16846153846153847,0.31311888
adult,restored,CD8 T Cells,CD3D,4434,1.0,1.976894
adult,restored,CD8 T Cells,CD3E,4434,1.0,2.001914
adult,restored,CD8 T Cells,CD4,4434,0.016012629679747408,0.019075964
adult,restored,CD8 T Cells,IL7R,4434,0.7262065854758682,1.2929252
adult,restored,CD8 T Cells,CCR7,4434,0.6513306269733875,1.0639412
adult,restored,CD8 T Cells,TCF7,4434,0.5336039693279206,0.7934234
adult,restored,CD8 T Cells,LEF1,4434,0.568786648624267,0.87154335
adult,restored,CD8 T Cells,CD8A,4434,0.6226883175462337,0.97575533
adult,restored,CD8 T Cells,CD8B,4434,0.8849797023004059,1.7421857
adult,restored,CD8 T Cells,NKG7,4434,0.16644113667117727,0.21890524
adult,restored,CD8 T Cells,CCL5,4434,0.14366260712674786,0.21132667
adult,restored,CD8 T Cells,GZMK,4434,0.02819124943617501,0.043629475
adult,restored,CD8 T Cells,PRF1,4434,0.06991429860171403,0.085984156
adult,restored,CD8 T Cells,GNLY,4434,0.15651781686964367,0.20346038
adult,restored,CD8 T Cells,MS4A1,4434,0.010599909788001804,0.013153149
adult,restored,CD8 T Cells,CD79A,4434,0.10983310780333784,0.14285426
adult,restored,CD8 T Cells,CD79B,4434,0.04442940911141182,0.055948783
adult,restored,CD8 T Cells,LYZ,4434,0.33626522327469555,0.47458884
adult,restored,CD8 T Cells,LST1,4434,0.14546684709066307,0.18641248
adult,restored,CD8 T Cells,FCN1,4434,0.08570139828597204,0.10581642
adult,restored,CD8 T Cells,S100A8,4434,0.2956698240866035,0.40686488
adult,restored,CD8 T Cells,S100A9,4434,0.3069463238610735,0.43229702
adult,restored,CD8 T Cells,PPBP,4434,0.034055029318899414,0.04261975
adult,restored,CD8 T Cells,PF4,4434,0.01849345963013081,0.023911664
adult,restored,CD8 T Cells,HBB,4434,0.2489851150202977,0.44366735
adult,restored,CD8 T Cells,HBA1,4434,0.10126296797474064,0.14318116
adult,restored,CD8 T Cells,HBA2,4434,0.18516012629679748,0.28948766
