cluster,assigned_cell_type,marker,n_cells,mean_expression,fraction_expressing
0,Ribosomal/Low-quality,CD3D,19692,1.7060584777070573,0.8390717042453788
0,Ribosomal/Low-quality,CD3E,19692,1.7060712678704155,0.8441499085923218
0,Ribosomal/Low-quality,IL7R,19692,1.2457106311147397,0.6666666666666666
0,Ribosomal/Low-quality,CCR7,19692,0.9840212040786067,0.5736339630306724
0,Ribosomal/Low-quality,TCF7,19692,0.7861235477945898,0.4877107454803981
0,Ribosomal/Low-quality,CD4,19692,0.1560833578020873,0.10598212472069876
0,Ribosomal/Low-quality,CD8A,19692,0.3012977821929121,0.19231159861872843
0,Ribosomal/Low-quality,CD8B,19692,0.550046822270702,0.28498882795043673
0,Ribosomal/Low-quality,MS4A1,19692,0.012691667357547821,0.008836075563680683
0,Ribosomal/Low-quality,CD79A,19692,0.06600986064848512,0.04793824903514118
0,Ribosomal/Low-quality,CD37,19692,1.250510925179256,0.6983546617915904
0,Ribosomal/Low-quality,NKG7,19692,0.1764795325004834,0.12314645541336583
0,Ribosomal/Low-quality,GNLY,19692,0.1982273626940148,0.1369591712370506
0,Ribosomal/Low-quality,KLRD1,19692,0.017773781605132974,0.013203331302051594
0,Ribosomal/Low-quality,LYZ,19692,0.440946073959374,0.28696932764574445
0,Ribosomal/Low-quality,LST1,19692,0.1682598178533914,0.11954093032703636
0,Ribosomal/Low-quality,FCGR3A,19692,0.028840619251177414,0.0213792403006297
0,Ribosomal/Low-quality,S100A8,19692,0.36920405577141024,0.24416006500101564
0,Ribosomal/Low-quality,S100A9,19692,0.39596680485933455,0.2606134470851107
0,Ribosomal/Low-quality,FCER1A,19692,0.004836114764019844,0.003656307129798903
0,Ribosomal/Low-quality,CD1C,19692,0.003538216114431626,0.0025898842169408895
0,Ribosomal/Low-quality,GZMB,19692,0.0388987563760838,0.02894576477757465
0,Ribosomal/Low-quality,TCF4,19692,0.004839052411566995,0.0033516148689823277
0,Ribosomal/Low-quality,PLD4,19692,0.004285565160310247,0.0031992687385740404
0,Ribosomal/Low-quality,IGJ,19692,0.09354338848975866,0.0667783871622994
0,Ribosomal/Low-quality,MZB1,19692,0.015414899456871493,0.011425959780621572
0,Ribosomal/Low-quality,IGLL5,19692,0.14898697644768752,0.10268129189518586
0,Ribosomal/Low-quality,ISG15,19692,0.419276248587236,0.26767215112736137
0,Ribosomal/Low-quality,IFIT1,19692,0.02604036206894475,0.01858622790981109
0,Ribosomal/Low-quality,HBA1,19692,0.12502524825147854,0.08241925655088361
0,Ribosomal/Low-quality,HBA2,19692,0.276843944095679,0.1542250660166565
0,Ribosomal/Low-quality,HBB,19692,0.40788059235648266,0.21211659557180582
0,Ribosomal/Low-quality,ALAS2,19692,0.0060717729674154685,0.004570383912248629
0,Ribosomal/Low-quality,PPBP,19692,0.03944401212056284,0.027523867560430633
0,Ribosomal/Low-quality,PF4,19692,0.02288131317168795,0.015691651432053626
0,Ribosomal/Low-quality,TUBB1,19692,0.009128629026218277,0.006754011781434085
0,Ribosomal/Low-quality,LTB,19692,2.4319648509366516,0.937995124923827
0,Ribosomal/Low-quality,JUNB,19692,3.055391045331519,0.9360146252285192
1,Classical Monocytes,CD3D,11492,0.13730196609673,0.09119387399930386
1,Classical Monocytes,CD3E,11492,0.1037864405136676,0.07309432648799165
1,Classical Monocytes,IL7R,11492,0.06732999203286436,0.046119039331709015
1,Classical Monocytes,CCR7,11492,0.025877783123599583,0.01809954751131222
1,Classical Monocytes,TCF7,11492,0.0525294415344148,0.03680821441002437
1,Classical Monocytes,CD4,11492,0.43626175507036935,0.2835015663069962
1,Classical Monocytes,CD8A,11492,0.025534123457187648,0.01870866689871215
1,Classical Monocytes,CD8B,11492,0.03230490730255272,0.02297250261051166
1,Classical Monocytes,MS4A1,11492,0.01245791398914608,0.008440654368256178
1,Classical Monocytes,CD79A,11492,0.020356645245523847,0.014009745910198398
1,Classical Monocytes,CD37,11492,1.3469152643607545,0.6981378350156631
1,Classical Monocytes,NKG7,11492,0.3107002820188145,0.19909502262443438
1,Classical Monocytes,GNLY,11492,0.2902312214537195,0.17942916811695092
1,Classical Monocytes,KLRD1,11492,0.02036042332524752,0.014444831186912635
1,Classical Monocytes,LYZ,11492,5.0879047803873805,0.9999129829446571
1,Classical Monocytes,LST1,11492,2.491330911712368,0.9513574660633484
1,Classical Monocytes,FCGR3A,11492,0.12531882904669653,0.0840584754611904
1,Classical Monocytes,S100A8,11492,4.794233052978688,0.997128437173686
1,Classical Monocytes,S100A9,11492,4.966467106877575,0.9985207100591716
1,Classical Monocytes,FCER1A,11492,0.01689717449504575,0.011747302471284372
1,Classical Monocytes,CD1C,11492,0.02911571499635814,0.022189349112426034
1,Classical Monocytes,GZMB,11492,0.06730878340152345,0.045422902888966235
1,Classical Monocytes,TCF4,11492,0.06116767722971963,0.04394361294813783
1,Classical Monocytes,PLD4,11492,0.024755684369082574,0.01836059867734076
1,Classical Monocytes,IGJ,11492,0.11249116718706834,0.07309432648799165
1,Classical Monocytes,MZB1,11492,0.017342484540902817,0.011834319526627219
1,Classical Monocytes,IGLL5,11492,0.18013449486771652,0.11294813783501566
1,Classical Monocytes,ISG15,11492,0.9574445557799689,0.42229376957883746
1,Classical Monocytes,IFIT1,11492,0.10910943154669621,0.07379046293073442
1,Classical Monocytes,HBA1,11492,0.3713626894559173,0.20414201183431951
1,Classical Monocytes,HBA2,11492,0.7050662555275086,0.3082144100243648
1,Classical Monocytes,HBB,11492,0.8957579152543828,0.36303515489035854
1,Classical Monocytes,ALAS2,11492,0.014429655554939387,0.010268012530455969
1,Classical Monocytes,PPBP,11492,0.10312269863001859,0.06239122868082144
1,Classical Monocytes,PF4,11492,0.05273375788549907,0.0342847198050818
1,Classical Monocytes,TUBB1,11492,0.02656894731907491,0.01801253045596937
1,Classical Monocytes,LTB,11492,0.30350688288135474,0.19552732335537765
1,Classical Monocytes,JUNB,11492,2.5243488758999506,0.9337800208840933
2,CD4 T Cells,CD3D,10455,1.770564683648971,0.8831181252989001
2,CD4 T Cells,CD3E,10455,1.7213801250396192,0.8742228598756576
2,CD4 T Cells,IL7R,10455,1.6015360875799005,0.7910090865614539
2,CD4 T Cells,CCR7,10455,0.4107355247525608,0.27709230033476806
2,CD4 T Cells,TCF7,10455,0.6094997840484098,0.41979913916786227
2,CD4 T Cells,CD4,10455,0.2220896766893833,0.1694882831181253
2,CD4 T Cells,CD8A,10455,0.1436988563528476,0.09392635102821617
2,CD4 T Cells,CD8B,10455,0.2009826811633573,0.11707317073170732
2,CD4 T Cells,MS4A1,10455,0.016622433891597403,0.011860353897656623
2,CD4 T Cells,CD79A,10455,0.03563421937280269,0.026398852223816355
2,CD4 T Cells,CD37,10455,1.3182386117566436,0.757819225251076
2,CD4 T Cells,NKG7,10455,0.26238164142921516,0.17972262075561932
2,CD4 T Cells,GNLY,10455,0.262302136754716,0.17532281205164993
2,CD4 T Cells,KLRD1,10455,0.03567444043316834,0.02659014825442372
2,CD4 T Cells,LYZ,10455,0.4812055822139377,0.3284552845528455
2,CD4 T Cells,LST1,10455,0.26037073350591217,0.1945480631276901
2,CD4 T Cells,FCGR3A,10455,0.03419733284649696,0.027450980392156862
2,CD4 T Cells,S100A8,10455,0.4273282058098737,0.29564801530368245
2,CD4 T Cells,S100A9,10455,0.4434251716665991,0.305117168818747
2,CD4 T Cells,FCER1A,10455,0.003674041292759746,0.0031563845050215206
2,CD4 T Cells,CD1C,10455,0.0026100545280690057,0.0021999043519846965
2,CD4 T Cells,GZMB,10455,0.04167128849519833,0.032615973218555715
2,CD4 T Cells,TCF4,10455,0.0031332807356179017,0.0023912003825920613
2,CD4 T Cells,PLD4,10455,0.0034596020442227435,0.002773792443806791
2,CD4 T Cells,IGJ,10455,0.0899836839984217,0.06963175514108082
2,CD4 T Cells,MZB1,10455,0.01711991132303381,0.013773314203730272
2,CD4 T Cells,IGLL5,10455,0.13581321536496974,0.10138689622190339
2,CD4 T Cells,ISG15,10455,0.5237470668049762,0.335246293639407
2,CD4 T Cells,IFIT1,10455,0.03143185894777762,0.024677187948350072
2,CD4 T Cells,HBA1,10455,0.1886740676955365,0.12615973218555715
2,CD4 T Cells,HBA2,10455,0.4234144758146269,0.21807747489239598
2,CD4 T Cells,HBB,10455,0.5860607703156245,0.2839789574366332
2,CD4 T Cells,ALAS2,10455,0.012534932004726999,0.01013868962219034
2,CD4 T Cells,PPBP,10455,0.04629307022965849,0.03529411764705882
2,CD4 T Cells,PF4,10455,0.01996252599200354,0.015016738402678144
2,CD4 T Cells,TUBB1,10455,0.012571701691060588,0.009947393591582974
2,CD4 T Cells,LTB,10455,2.8449418815968994,0.9710186513629843
2,CD4 T Cells,JUNB,10455,3.7017741506547805,0.9943567670970828
3,NK Cells,CD3D,7850,2.062818305993536,0.8384713375796178
3,NK Cells,CD3E,7850,1.87016267551738,0.8426751592356688
3,NK Cells,IL7R,7850,0.33376584719320773,0.19477707006369427
3,NK Cells,CCR7,7850,0.04080029864220103,0.027898089171974522
3,NK Cells,TCF7,7850,0.23883346166200697,0.15605095541401273
3,NK Cells,CD4,7850,0.04569436475729487,0.03146496815286624
3,NK Cells,CD8A,7850,1.0940195917855402,0.5412738853503185
3,NK Cells,CD8B,7850,0.9227951041756163,0.4592356687898089
3,NK Cells,MS4A1,7850,0.013103454758407204,0.008662420382165605
3,NK Cells,CD79A,7850,0.020872984403257917,0.014012738853503185
3,NK Cells,CD37,7850,1.2852335318638262,0.6821656050955414
3,NK Cells,NKG7,7850,3.8653275091481056,0.9964331210191083
3,NK Cells,GNLY,7850,2.5129430213589576,0.7078980891719745
3,NK Cells,KLRD1,7850,1.1724215196424228,0.6025477707006369
3,NK Cells,LYZ,7850,0.48263134867522367,0.28853503184713375
3,NK Cells,LST1,7850,0.17003671395171222,0.11528662420382166
3,NK Cells,FCGR3A,7850,0.8158354682375671,0.4278980891719745
3,NK Cells,S100A8,7850,0.43409760767487204,0.26
3,NK Cells,S100A9,7850,0.49474481797142394,0.2954140127388535
3,NK Cells,FCER1A,7850,0.003180848990276361,0.002038216560509554
3,NK Cells,CD1C,7850,0.0058578598954875,0.004076433121019108
3,NK Cells,GZMB,7850,1.7122771136699968,0.736687898089172
3,NK Cells,TCF4,7850,0.00640342097373525,0.004331210191082803
3,NK Cells,PLD4,7850,0.004957257235885425,0.0031847133757961785
3,NK Cells,IGJ,7850,0.10979202230265186,0.07503184713375796
3,NK Cells,MZB1,7850,0.02116968710711048,0.014394904458598727
3,NK Cells,IGLL5,7850,0.12541837302362843,0.0797452229299363
3,NK Cells,ISG15,7850,0.8389311029728811,0.43248407643312103
3,NK Cells,IFIT1,7850,0.05037298718075844,0.03656050955414013
3,NK Cells,HBA1,7850,0.4398066318794421,0.23579617834394903
3,NK Cells,HBA2,7850,0.7091692972107299,0.3185987261146497
3,NK Cells,HBB,7850,0.9274599775083505,0.3686624203821656
3,NK Cells,ALAS2,7850,0.014427351184711334,0.009936305732484076
3,NK Cells,PPBP,7850,0.05219925224401389,0.03503184713375796
3,NK Cells,PF4,7850,0.030036300006945422,0.020127388535031848
3,NK Cells,TUBB1,7850,0.015035900617860684,0.010573248407643312
3,NK Cells,LTB,7850,0.5409951084092923,0.29859872611464966
3,NK Cells,JUNB,7850,2.8430067644073707,0.9471337579617835
4,Ribosomal/Low-quality,CD3D,6657,1.820780644684345,0.8838816283611236
4,Ribosomal/Low-quality,CD3E,6657,1.723219642459012,0.860898302538681
4,Ribosomal/Low-quality,IL7R,6657,1.4732672539634069,0.7459816734264684
4,Ribosomal/Low-quality,CCR7,6657,0.5619602247063097,0.3696860447649091
4,Ribosomal/Low-quality,TCF7,6657,0.6662436224272861,0.43998798257473337
4,Ribosomal/Low-quality,CD4,6657,0.2722600882379647,0.19843773471533724
4,Ribosomal/Low-quality,CD8A,6657,0.040097568125378825,0.029743127534925643
4,Ribosomal/Low-quality,CD8B,6657,0.0589756642946596,0.038455760853237195
4,Ribosomal/Low-quality,MS4A1,6657,0.01487464826529997,0.011116118371638877
4,Ribosomal/Low-quality,CD79A,6657,0.025704123056273356,0.01832657353162085
4,Ribosomal/Low-quality,CD37,6657,1.3684875524060154,0.765209553853087
4,Ribosomal/Low-quality,NKG7,6657,0.17141200360976774,0.124530569325522
4,Ribosomal/Low-quality,GNLY,6657,0.19877173902574058,0.1416554003304792
4,Ribosomal/Low-quality,KLRD1,6657,0.016024903177015232,0.012468078714135496
4,Ribosomal/Low-quality,LYZ,6657,0.46294563466119787,0.3100495718792249
4,Ribosomal/Low-quality,LST1,6657,0.19809059926083591,0.1473636773321316
4,Ribosomal/Low-quality,FCGR3A,6657,0.03226216665452462,0.025537028691602823
4,Ribosomal/Low-quality,S100A8,6657,0.39975680363183624,0.27174402884182064
4,Ribosomal/Low-quality,S100A9,6657,0.4316817295252247,0.28946973111010965
4,Ribosomal/Low-quality,FCER1A,6657,0.00516447022420715,0.00405588102748986
4,Ribosomal/Low-quality,CD1C,6657,0.002809309119556479,0.002253267237494367
4,Ribosomal/Low-quality,GZMB,6657,0.04146702546193755,0.03124530569325522
4,Ribosomal/Low-quality,TCF4,6657,0.0033976907609765085,0.0028541385008261978
4,Ribosomal/Low-quality,PLD4,6657,0.006154313448475738,0.004806970106654649
4,Ribosomal/Low-quality,IGJ,6657,0.09105123316040085,0.06894997746732763
4,Ribosomal/Low-quality,MZB1,6657,0.013910183054881177,0.010815682739972961
4,Ribosomal/Low-quality,IGLL5,6657,0.1393155331849443,0.1010965900555806
4,Ribosomal/Low-quality,ISG15,6657,0.4556293539838317,0.2968304040859246
4,Ribosomal/Low-quality,IFIT1,6657,0.025772189116252335,0.020279405137449302
4,Ribosomal/Low-quality,HBA1,6657,0.1861190572325059,0.12377948024635722
4,Ribosomal/Low-quality,HBA2,6657,0.3992472325912087,0.20564818987531922
4,Ribosomal/Low-quality,HBB,6657,0.5429257597671859,0.2592759501276851
4,Ribosomal/Low-quality,ALAS2,6657,0.011367334955283359,0.009313504581643383
4,Ribosomal/Low-quality,PPBP,6657,0.043057793707429994,0.030794652245756348
4,Ribosomal/Low-quality,PF4,6657,0.02146399834142785,0.015923088478293525
4,Ribosomal/Low-quality,TUBB1,6657,0.010945556712469325,0.008261979870812678
4,Ribosomal/Low-quality,LTB,6657,2.825744947299095,0.9744629713083972
4,Ribosomal/Low-quality,JUNB,6657,3.0145433527742473,0.9559861799609434
5,Non-classical Monocytes,CD3D,4847,0.14770601508124037,0.13864245925314628
5,Non-classical Monocytes,CD3E,4847,0.10722002858645355,0.10480709717350939
5,Non-classical Monocytes,IL7R,4847,0.07593610443748197,0.07447905921188364
5,Non-classical Monocytes,CCR7,4847,0.03135247763122557,0.031772230245512685
5,Non-classical Monocytes,TCF7,4847,0.07541852969348074,0.07530431194553332
5,Non-classical Monocytes,CD4,4847,0.4713752914549814,0.4031359603878688
5,Non-classical Monocytes,CD8A,4847,0.02862799156565555,0.030534351145038167
5,Non-classical Monocytes,CD8B,4847,0.047033684024226426,0.045182587167319994
5,Non-classical Monocytes,MS4A1,4847,0.009240092334979485,0.009284093253558903
5,Non-classical Monocytes,CD79A,4847,0.029654896988533245,0.028677532494326387
5,Non-classical Monocytes,CD37,4847,1.7059041925169696,0.8974623478440272
5,Non-classical Monocytes,NKG7,4847,0.3956613745951569,0.325149577057974
5,Non-classical Monocytes,GNLY,4847,0.25014701615984425,0.21559727666597894
5,Non-classical Monocytes,KLRD1,4847,0.027520179662454586,0.027852279760676706
5,Non-classical Monocytes,LYZ,4847,3.643977496509383,0.9884464617289045
5,Non-classical Monocytes,LST1,4847,3.1998726976503162,0.991128533113266
5,Non-classical Monocytes,FCGR3A,4847,1.6866876382495242,0.6408087476789767
5,Non-classical Monocytes,S100A8,4847,2.199420948593745,0.843820920156798
5,Non-classical Monocytes,S100A9,4847,2.66256786789111,0.9325355890241387
5,Non-classical Monocytes,FCER1A,4847,0.2512723908722954,0.11264699814318135
5,Non-classical Monocytes,CD1C,4847,0.1650114267763217,0.11883639364555396
5,Non-classical Monocytes,GZMB,4847,0.07363295900051879,0.06849597689292346
5,Non-classical Monocytes,TCF4,4847,0.07897497804872715,0.07901794924695688
5,Non-classical Monocytes,PLD4,4847,0.22335385875355615,0.20115535382710956
5,Non-classical Monocytes,IGJ,4847,0.12634770576182114,0.11863008046214153
5,Non-classical Monocytes,MZB1,4847,0.02067701909894768,0.020837631524654426
5,Non-classical Monocytes,IGLL5,4847,0.19872637599405368,0.17371570043325768
5,Non-classical Monocytes,ISG15,4847,1.434226557750763,0.6655663296884671
5,Non-classical Monocytes,IFIT1,4847,0.2690163458502856,0.20280585929440892
5,Non-classical Monocytes,HBA1,4847,0.4902212512488215,0.32246750567361254
5,Non-classical Monocytes,HBA2,4847,0.8894273281798354,0.4332576851660821
5,Non-classical Monocytes,HBB,4847,1.1231795379936953,0.5009284093253559
5,Non-classical Monocytes,ALAS2,4847,0.025614445974882397,0.024344955642665568
5,Non-classical Monocytes,PPBP,4847,0.2689824564655663,0.12688260779863833
5,Non-classical Monocytes,PF4,4847,0.18453399980587148,0.09263461935217661
5,Non-classical Monocytes,TUBB1,4847,0.12446222025290062,0.07159067464410976
5,Non-classical Monocytes,LTB,4847,0.6482914734100691,0.48999381060449765
5,Non-classical Monocytes,JUNB,4847,3.0834147014002076,0.9886527749123168
6,NK Cells,CD3D,4516,0.2429993508517267,0.13596102745792737
6,NK Cells,CD3E,4516,0.6555027966482434,0.3421169176262179
6,NK Cells,IL7R,4516,0.17681951317985675,0.10938883968113375
6,NK Cells,CCR7,4516,0.07379197502843672,0.048715677590788306
6,NK Cells,TCF7,4516,0.2775010948322641,0.17227635075287864
6,NK Cells,CD4,4516,0.022329224143226765,0.015057573073516387
6,NK Cells,CD8A,4516,0.31181853124005693,0.17404782993799822
6,NK Cells,CD8B,4516,0.07866155362108093,0.050487156775907885
6,NK Cells,MS4A1,4516,0.01287471456164486,0.007971656333038087
6,NK Cells,CD79A,4516,0.027398788514551173,0.017493356953055803
6,NK Cells,CD37,4516,1.2031398393523915,0.6286536758193091
6,NK Cells,NKG7,4516,4.099370097776131,0.9993356953055802
6,NK Cells,GNLY,4516,4.5858750843151785,0.9911426040744021
6,NK Cells,KLRD1,4516,1.5531829092107166,0.7300708591674048
6,NK Cells,LYZ,4516,0.5441111976114177,0.31155890168290523
6,NK Cells,LST1,4516,0.17561345641807288,0.1100531443755536
6,NK Cells,FCGR3A,4516,1.6003202444241045,0.7030558015943312
6,NK Cells,S100A8,4516,0.4612057748373575,0.2661647475642161
6,NK Cells,S100A9,4516,0.48576706059217667,0.275022143489814
6,NK Cells,FCER1A,4516,0.004697514884338852,0.002878653675819309
6,NK Cells,CD1C,4516,0.002458721214527573,0.001771479185119575
6,NK Cells,GZMB,4516,2.5206655976886343,0.8693534100974314
6,NK Cells,TCF4,4516,0.035034009254643936,0.0245792736935341
6,NK Cells,PLD4,4516,0.004709891823142688,0.002878653675819309
6,NK Cells,IGJ,4516,0.10913201928323513,0.06731620903454384
6,NK Cells,MZB1,4516,0.025007193018843157,0.015943312666076175
6,NK Cells,IGLL5,4516,0.16078157229984197,0.09455270150575731
6,NK Cells,ISG15,4516,0.7435783169193538,0.3848538529672276
6,NK Cells,IFIT1,4516,0.028567521668726413,0.02059344552701506
6,NK Cells,HBA1,4516,0.34751374842689775,0.18113374667847654
6,NK Cells,HBA2,4516,0.5688944807535151,0.26018600531443753
6,NK Cells,HBB,4516,0.738907487269415,0.3062444641275465
6,NK Cells,ALAS2,4516,0.014903087099639582,0.00907883082373782
6,NK Cells,PPBP,4516,0.06715035031362378,0.04118689105403012
6,NK Cells,PF4,4516,0.028585526864543437,0.017936226749335694
6,NK Cells,TUBB1,4516,0.020169500139458608,0.013286093888396812
6,NK Cells,LTB,4516,0.5111700287162994,0.27435783879539416
6,NK Cells,JUNB,4516,2.894721771271172,0.949955713020372
7,CD8 T Cells,CD3D,4249,2.024683191442972,0.9018592610025888
7,CD8 T Cells,CD3E,4249,1.9347710113408678,0.8980936690986114
7,CD8 T Cells,IL7R,4249,1.0372010469787343,0.5410684867027535
7,CD8 T Cells,CCR7,4249,0.13405261823333664,0.08943280771946341
7,CD8 T Cells,TCF7,4249,0.47513293583103,0.3099552835961403
7,CD8 T Cells,CD4,4249,0.056711167854599516,0.040480112967757116
7,CD8 T Cells,CD8A,4249,0.8785516790542414,0.47399388091315603
7,CD8 T Cells,CD8B,4249,0.8700574132856915,0.436337961873382
7,CD8 T Cells,MS4A1,4249,0.04758075780940353,0.03130148270181219
7,CD8 T Cells,CD79A,4249,0.024061029365298945,0.016239115085902565
7,CD8 T Cells,CD37,4249,1.2323653472679086,0.6843963285478937
7,CD8 T Cells,NKG7,4249,2.7134932237222467,0.922334666980466
7,CD8 T Cells,GNLY,4249,0.6702634845447136,0.2977171099082137
7,CD8 T Cells,KLRD1,4249,0.5321149747984413,0.30666039068016004
7,CD8 T Cells,LYZ,4249,0.4897043045604052,0.3071310896681572
7,CD8 T Cells,LST1,4249,0.26766999369229844,0.18027771240291834
7,CD8 T Cells,FCGR3A,4249,0.11601522052167415,0.07554718757354671
7,CD8 T Cells,S100A8,4249,0.44524402903455595,0.27865380089432806
7,CD8 T Cells,S100A9,4249,0.49053206375610914,0.3036008472581784
7,CD8 T Cells,FCER1A,4249,0.004638081355553904,0.0032948929159802307
7,CD8 T Cells,CD1C,4249,0.0029213693625058925,0.002118145445987291
7,CD8 T Cells,GZMB,4249,0.19016791347420392,0.11720404801129677
7,CD8 T Cells,TCF4,4249,0.003932241861554812,0.002824193927983055
7,CD8 T Cells,PLD4,4249,0.004486685305321797,0.0032948929159802307
7,CD8 T Cells,IGJ,4249,0.09675590940491399,0.06754530477759473
7,CD8 T Cells,MZB1,4249,0.025700057189754665,0.018357260531889855
7,CD8 T Cells,IGLL5,4249,0.12729926813796258,0.08496116733349024
7,CD8 T Cells,ISG15,4249,0.6846924247980735,0.3798540833137209
7,CD8 T Cells,IFIT1,4249,0.027760776597546194,0.020475405977877146
7,CD8 T Cells,HBA1,4249,0.26128154573622353,0.1572134619910567
7,CD8 T Cells,HBA2,4249,0.4783565046423097,0.23464344551659214
7,CD8 T Cells,HBB,4249,0.6980552210558665,0.31042598258413745
7,CD8 T Cells,ALAS2,4249,0.01252515856365115,0.009178630265944928
7,CD8 T Cells,PPBP,4249,0.040251137481405755,0.028241939279830548
7,CD8 T Cells,PF4,4249,0.027668802492420486,0.01906330901388562
7,CD8 T Cells,TUBB1,4249,0.01387514518720735,0.009884678747940691
7,CD8 T Cells,LTB,4249,1.6462778536031655,0.7060484819957638
7,CD8 T Cells,JUNB,4249,3.5170122060980002,0.9889385737820664
8,B Cells,CD3D,3126,0.13839542148819506,0.0927703134996801
8,B Cells,CD3E,3126,0.14545193400355538,0.09884836852207293
8,B Cells,IL7R,3126,0.10659132214288107,0.07165706973768395
8,B Cells,CCR7,3126,0.3952228142257234,0.24312220089571338
8,B Cells,TCF7,3126,0.14836808051425374,0.10684580934101087
8,B Cells,CD4,3126,0.02018171798626124,0.01471529110684581
8,B Cells,CD8A,3126,0.025860355248149204,0.01983365323096609
8,B Cells,CD8B,3126,0.024617583064871267,0.018234165067178502
8,B Cells,MS4A1,3126,1.8631152029382214,0.8509277031349968
8,B Cells,CD79A,3126,2.474451269446774,0.9545745361484325
8,B Cells,CD37,3126,2.6722530057738396,0.9753678822776711
8,B Cells,NKG7,3126,0.2132360341548157,0.1417146513115803
8,B Cells,GNLY,3126,0.2512305150772621,0.1657069737683941
8,B Cells,KLRD1,3126,0.015666565716609845,0.010876519513755598
8,B Cells,LYZ,3126,0.48893562580863403,0.30454254638515676
8,B Cells,LST1,3126,0.2126512256136935,0.14651311580294304
8,B Cells,FCGR3A,3126,0.027424358465468663,0.02015355086372361
8,B Cells,S100A8,3126,0.40778997231582303,0.2581573896353167
8,B Cells,S100A9,3126,0.4462807859965646,0.2770313499680102
8,B Cells,FCER1A,3126,0.005333518856088854,0.003838771593090211
8,B Cells,CD1C,3126,0.13484270619949468,0.0927703134996801
8,B Cells,GZMB,3126,0.05436138781079557,0.03902751119641715
8,B Cells,TCF4,3126,0.34189312234377905,0.23000639795265515
8,B Cells,PLD4,3126,0.17172313735642192,0.1164427383237364
8,B Cells,IGJ,3126,0.8189840035337862,0.3963531669865643
8,B Cells,MZB1,3126,0.24534376486134848,0.1653870761356366
8,B Cells,IGLL5,3126,1.3091137092596281,0.5121561100447857
8,B Cells,ISG15,3126,0.2905285168327129,0.18969929622520793
8,B Cells,IFIT1,3126,0.012447779710980768,0.009596928982725527
8,B Cells,HBA1,3126,0.16725070268316142,0.10236724248240563
8,B Cells,HBA2,3126,0.3232538794105967,0.16122840690978887
8,B Cells,HBB,3126,0.46226828026222405,0.22040946896992963
8,B Cells,ALAS2,3126,0.010436065652320114,0.007037747920665387
8,B Cells,PPBP,3126,0.0412272956229446,0.026231605886116442
8,B Cells,PF4,3126,0.024255362425716884,0.01471529110684581
8,B Cells,TUBB1,3126,0.018170412503521333,0.011516314779270634
8,B Cells,LTB,3126,2.529297239587464,0.9206653870761357
8,B Cells,JUNB,3126,3.268991081629208,0.9779270633397313
9,RBCs,CD3D,1093,0.2087394731751518,0.14089661482159194
9,RBCs,CD3E,1093,0.18975164621986607,0.12351326623970722
9,RBCs,IL7R,1093,0.10405971621114621,0.07593778591033852
9,RBCs,CCR7,1093,0.040459967897446575,0.035681610247026534
9,RBCs,TCF7,1093,0.058282160093668725,0.0484903934126258
9,RBCs,CD4,1093,0.019318514751493657,0.0192131747483989
9,RBCs,CD8A,1093,0.05832682485877104,0.04574565416285453
9,RBCs,CD8B,1093,0.06168570378343664,0.043000914913083256
9,RBCs,MS4A1,1093,0.005210830411666703,0.004574565416285453
9,RBCs,CD79A,1093,0.013122886937360424,0.012808783165599268
9,RBCs,CD37,1093,0.16116856277152583,0.1354071363220494
9,RBCs,NKG7,1093,0.2934635740731249,0.19213174748398903
9,RBCs,GNLY,1093,0.17281088219360813,0.13174748398902103
9,RBCs,KLRD1,1093,0.02893977588398786,0.023787740164684355
9,RBCs,LYZ,1093,0.31331659863001693,0.2698993595608417
9,RBCs,LST1,1093,0.11281950538679753,0.10521500457456541
9,RBCs,FCGR3A,1093,0.06492963757737448,0.0585544373284538
9,RBCs,S100A8,1093,0.3265760890791859,0.2753888380603843
9,RBCs,S100A9,1093,0.32976176574049143,0.27264409881061297
9,RBCs,FCER1A,1093,0.0021314935082159016,0.0027447392497712718
9,RBCs,CD1C,1093,0.0025886431377302693,0.0027447392497712718
9,RBCs,GZMB,1093,0.0832178906792364,0.059469350411710885
9,RBCs,TCF4,1093,0.004053599334919224,0.004574565416285453
9,RBCs,PLD4,1093,0.0013350633885592141,0.0018298261665141812
9,RBCs,IGJ,1093,0.08801897419556934,0.08600182982616651
9,RBCs,MZB1,1093,0.009982934536894635,0.010064043915827997
9,RBCs,IGLL5,1093,0.05908707127806689,0.053064958828911254
9,RBCs,ISG15,1093,0.25461668899489015,0.17932296431838976
9,RBCs,IFIT1,1093,0.013941571348212993,0.012808783165599268
9,RBCs,HBA1,1093,7.290734984301038,0.9963403476669717
9,RBCs,HBA2,1093,7.738260270037568,0.9981701738334858
9,RBCs,HBB,1093,8.26726908609612,0.9981701738334858
9,RBCs,ALAS2,1093,2.9191610212186445,0.9322964318389753
9,RBCs,PPBP,1093,0.044051179728809016,0.04117108874656908
9,RBCs,PF4,1093,0.02262958483421137,0.0192131747483989
9,RBCs,TUBB1,1093,0.022436596719038564,0.021043000914913082
9,RBCs,LTB,1093,0.25876456447293317,0.15919487648673375
9,RBCs,JUNB,1093,0.5096975033804569,0.29643183897529735
10,pDCs,CD3D,457,0.16106958742736466,0.1400437636761488
10,pDCs,CD3E,457,0.2247361424715305,0.19474835886214442
10,pDCs,IL7R,457,0.10000236029176274,0.0962800875273523
10,pDCs,CCR7,457,0.07714431173691864,0.07221006564551423
10,pDCs,TCF7,457,0.14036277288681048,0.13347921225382933
10,pDCs,CD4,457,0.7882541126573633,0.5382932166301969
10,pDCs,CD8A,457,0.025101063614079416,0.028446389496717725
10,pDCs,CD8B,457,0.03217746509764857,0.028446389496717725
10,pDCs,MS4A1,457,0.0146030324554026,0.01312910284463895
10,pDCs,CD79A,457,0.18371975565374027,0.16849015317286653
10,pDCs,CD37,457,1.7158708504566218,0.9277899343544858
10,pDCs,NKG7,457,0.38296383554095514,0.3085339168490153
10,pDCs,GNLY,457,0.3199252846856608,0.24945295404814005
10,pDCs,KLRD1,457,0.027328427628302208,0.028446389496717725
10,pDCs,LYZ,457,0.7613549244873372,0.5295404814004376
10,pDCs,LST1,457,0.5655958355777373,0.44638949671772427
10,pDCs,FCGR3A,457,0.03723348889100473,0.0350109409190372
10,pDCs,S100A8,457,0.506508551228229,0.41575492341356673
10,pDCs,S100A9,457,0.4679237209602832,0.3916849015317287
10,pDCs,FCER1A,457,0.9846795063050101,0.6323851203501094
10,pDCs,CD1C,457,0.0056037870225551616,0.00437636761487965
10,pDCs,GZMB,457,2.470734977878679,0.7439824945295405
10,pDCs,TCF4,457,1.3831041866762632,0.7702407002188184
10,pDCs,PLD4,457,1.9096937822565208,0.7789934354485777
10,pDCs,IGJ,457,2.443282279456992,0.7964989059080962
10,pDCs,MZB1,457,1.3415276686002702,0.7264770240700219
10,pDCs,IGLL5,457,0.1978626249916444,0.16192560175054704
10,pDCs,ISG15,457,0.4011681139208295,0.2800875273522976
10,pDCs,IFIT1,457,0.009989279365122188,0.015317286652078774
10,pDCs,HBA1,457,0.24405397778006038,0.19474835886214442
10,pDCs,HBA2,457,0.4718168326358044,0.31072210065645517
10,pDCs,HBB,457,0.6243979998047033,0.38293216630196936
10,pDCs,ALAS2,457,0.016967565016882163,0.0175054704595186
10,pDCs,PPBP,457,0.1481690663738376,0.11597374179431072
10,pDCs,PF4,457,0.08528632369031008,0.0525164113785558
10,pDCs,TUBB1,457,0.05144035646638933,0.0350109409190372
10,pDCs,LTB,457,1.403561607622735,0.7024070021881839
10,pDCs,JUNB,457,1.853557589800144,0.849015317286652
11,Platelets,CD3D,297,0.7544010803354309,0.3771043771043771
11,Platelets,CD3E,297,0.7319216790424051,0.37373737373737376
11,Platelets,IL7R,297,0.5120929056145125,0.2828282828282828
11,Platelets,CCR7,297,0.30132713723262955,0.1919191919191919
11,Platelets,TCF7,297,0.2152656274612504,0.15488215488215487
11,Platelets,CD4,297,0.0976733543254711,0.07744107744107744
11,Platelets,CD8A,297,0.17640981770525074,0.09764309764309764
11,Platelets,CD8B,297,0.19357794623583655,0.10774410774410774
11,Platelets,MS4A1,297,0.017967551846295494,0.016835016835016835
11,Platelets,CD79A,297,0.03302746629875517,0.02356902356902357
11,Platelets,CD37,297,0.650847113493717,0.367003367003367
11,Platelets,NKG7,297,0.7266468251193011,0.26262626262626265
11,Platelets,GNLY,297,0.6839810126156919,0.25925925925925924
11,Platelets,KLRD1,297,0.1812759633818861,0.09427609427609428
11,Platelets,LYZ,297,0.594205602451607,0.32323232323232326
11,Platelets,LST1,297,0.17886855746760513,0.11447811447811448
11,Platelets,FCGR3A,297,0.1650606090773637,0.08417508417508418
11,Platelets,S100A8,297,0.522964318191965,0.2996632996632997
11,Platelets,S100A9,297,0.5325418134731075,0.30303030303030304
11,Platelets,FCER1A,297,0.02324628067337704,0.016835016835016835
11,Platelets,CD1C,297,0.022390682689268582,0.010101010101010102
11,Platelets,GZMB,297,0.36623012537908073,0.15151515151515152
11,Platelets,TCF4,297,0.025684500382805512,0.016835016835016835
11,Platelets,PLD4,297,0.020296661139337303,0.010101010101010102
11,Platelets,IGJ,297,0.13362285504838833,0.0707070707070707
11,Platelets,MZB1,297,0.04009020890451039,0.026936026936026935
11,Platelets,IGLL5,297,0.23573041102701567,0.13804713804713806
11,Platelets,ISG15,297,0.3052415309931694,0.19528619528619529
11,Platelets,IFIT1,297,0.027871143938315034,0.020202020202020204
11,Platelets,HBA1,297,1.0085531272470751,0.44107744107744107
11,Platelets,HBA2,297,0.6845184550542222,0.30303030303030304
11,Platelets,HBB,297,0.8300530912498834,0.31986531986531985
11,Platelets,ALAS2,297,0.006237693105883871,0.003367003367003367
11,Platelets,PPBP,297,4.781090363910303,0.98989898989899
11,Platelets,PF4,297,4.115147657667347,0.9629629629629629
11,Platelets,TUBB1,297,3.2542307836439472,0.9461279461279462
11,Platelets,LTB,297,0.884194512158532,0.4006734006734007
11,Platelets,JUNB,297,1.647575733637569,0.569023569023569
12,Plasma Cells,CD3D,222,0.2568323591405207,0.31981981981981983
12,Plasma Cells,CD3E,222,0.24171202153235943,0.30180180180180183
12,Plasma Cells,IL7R,222,0.16191725325477016,0.20270270270270271
12,Plasma Cells,CCR7,222,0.0676239206715747,0.1036036036036036
12,Plasma Cells,TCF7,222,0.170567336651656,0.25675675675675674
12,Plasma Cells,CD4,222,0.03480614506983542,0.05405405405405406
12,Plasma Cells,CD8A,222,0.060144706486581684,0.0945945945945946
12,Plasma Cells,CD8B,222,0.073513621816764,0.1036036036036036
12,Plasma Cells,MS4A1,222,0.06746714904501631,0.07657657657657657
12,Plasma Cells,CD79A,222,2.197941974879385,0.9099099099099099
12,Plasma Cells,CD37,222,0.8939881946321007,0.7792792792792793
12,Plasma Cells,NKG7,222,0.42491295369895726,0.45495495495495497
12,Plasma Cells,GNLY,222,0.42278892405935237,0.4369369369369369
12,Plasma Cells,KLRD1,222,0.027894880320574786,0.04054054054054054
12,Plasma Cells,LYZ,222,0.7790417577232327,0.6711711711711712
12,Plasma Cells,LST1,222,0.271387619948065,0.3333333333333333
12,Plasma Cells,FCGR3A,222,0.0879775466951164,0.13513513513513514
12,Plasma Cells,S100A8,222,0.7259899483876185,0.6396396396396397
12,Plasma Cells,S100A9,222,0.7650901042931789,0.6576576576576577
12,Plasma Cells,FCER1A,222,0.0035271201584790206,0.0045045045045045045
12,Plasma Cells,CD1C,222,0.007954330326200605,0.013513513513513514
12,Plasma Cells,GZMB,222,0.09637069406810107,0.15315315315315314
12,Plasma Cells,TCF4,222,0.4075763759849308,0.4594594594594595
12,Plasma Cells,PLD4,222,0.010718977263381889,0.018018018018018018
12,Plasma Cells,IGJ,222,5.585976935184754,0.990990990990991
12,Plasma Cells,MZB1,222,3.5796627332498363,1.0
12,Plasma Cells,IGLL5,222,4.255745980922167,0.954954954954955
12,Plasma Cells,ISG15,222,1.2553053084794465,0.7702702702702703
12,Plasma Cells,IFIT1,222,0.08215803968476819,0.08558558558558559
12,Plasma Cells,HBA1,222,0.4800867424220652,0.35585585585585583
12,Plasma Cells,HBA2,222,0.8064335799432015,0.5045045045045045
12,Plasma Cells,HBB,222,1.0635163222213049,0.6036036036036037
12,Plasma Cells,ALAS2,222,0.013630382381043993,0.02252252252252252
12,Plasma Cells,PPBP,222,0.11827461408065246,0.13513513513513514
12,Plasma Cells,PF4,222,0.04548966065720395,0.04954954954954955
12,Plasma Cells,TUBB1,222,0.06252169662767702,0.08108108108108109
12,Plasma Cells,LTB,222,0.386079066105791,0.4144144144144144
12,Plasma Cells,JUNB,222,1.4073609611741058,0.8828828828828829
13,CD8 T Cells,CD3D,138,2.445165057113205,0.9855072463768116
13,CD8 T Cells,CD3E,138,1.9529377558956975,0.9927536231884058
13,CD8 T Cells,IL7R,138,0.2734341897826264,0.2753623188405797
13,CD8 T Cells,CCR7,138,0.44477635319682135,0.35507246376811596
13,CD8 T Cells,TCF7,138,0.8049145870018697,0.5869565217391305
13,CD8 T Cells,CD4,138,0.06930606347927148,0.07246376811594203
13,CD8 T Cells,CD8A,138,0.6915033481259277,0.41304347826086957
13,CD8 T Cells,CD8B,138,0.7472979160754577,0.4927536231884058
13,CD8 T Cells,MS4A1,138,0.0,0.0
13,CD8 T Cells,CD79A,138,0.031578256816103836,0.043478260869565216
13,CD8 T Cells,CD37,138,1.381301696749701,0.9057971014492754
13,CD8 T Cells,NKG7,138,1.938478867644849,0.7971014492753623
13,CD8 T Cells,GNLY,138,0.4390833791399348,0.36231884057971014
13,CD8 T Cells,KLRD1,138,0.32007960672827734,0.2608695652173913
13,CD8 T Cells,LYZ,138,0.5026292807382086,0.463768115942029
13,CD8 T Cells,LST1,138,0.18827089537744937,0.2463768115942029
13,CD8 T Cells,FCGR3A,138,0.23034573357174362,0.2463768115942029
13,CD8 T Cells,S100A8,138,0.396772223106329,0.4057971014492754
13,CD8 T Cells,S100A9,138,0.4479327959858853,0.43478260869565216
13,CD8 T Cells,FCER1A,138,0.0,0.0
13,CD8 T Cells,CD1C,138,0.008930631305860437,0.007246376811594203
13,CD8 T Cells,GZMB,138,0.558197664177936,0.32608695652173914
13,CD8 T Cells,TCF4,138,0.0,0.0
13,CD8 T Cells,PLD4,138,0.008515602436618528,0.007246376811594203
13,CD8 T Cells,IGJ,138,0.15752112303954968,0.2318840579710145
13,CD8 T Cells,MZB1,138,0.046832702514054116,0.07971014492753623
13,CD8 T Cells,IGLL5,138,0.147723034888074,0.2028985507246377
13,CD8 T Cells,ISG15,138,1.393304357926051,0.782608695652174
13,CD8 T Cells,IFIT1,138,0.07552391744178275,0.11594202898550725
13,CD8 T Cells,HBA1,138,0.45352608613345935,0.41304347826086957
13,CD8 T Cells,HBA2,138,0.6733708053395369,0.45652173913043476
13,CD8 T Cells,HBB,138,0.9752623896667922,0.5362318840579711
13,CD8 T Cells,ALAS2,138,0.0257816879429679,0.028985507246376812
13,CD8 T Cells,PPBP,138,0.07229798621889474,0.10144927536231885
13,CD8 T Cells,PF4,138,0.04760972345652788,0.07246376811594203
13,CD8 T Cells,TUBB1,138,0.034589766808178116,0.043478260869565216
13,CD8 T Cells,LTB,138,1.2770947605587435,0.717391304347826
13,CD8 T Cells,JUNB,138,2.2210603181434716,0.9710144927536232
14,Classical Monocytes,CD3D,54,0.0,0.0
14,Classical Monocytes,CD3E,54,0.04169788073610376,0.05555555555555555
14,Classical Monocytes,IL7R,54,0.028592225578096177,0.037037037037037035
14,Classical Monocytes,CCR7,54,0.05182362375436006,0.037037037037037035
14,Classical Monocytes,TCF7,54,0.06078269746568468,0.07407407407407407
14,Classical Monocytes,CD4,54,0.23731981052292717,0.24074074074074073
14,Classical Monocytes,CD8A,54,0.043831580215030246,0.05555555555555555
14,Classical Monocytes,CD8B,54,0.0,0.0
14,Classical Monocytes,MS4A1,54,0.01302884022394816,0.018518518518518517
14,Classical Monocytes,CD79A,54,0.0,0.0
14,Classical Monocytes,CD37,54,1.261160867081748,0.7222222222222222
14,Classical Monocytes,NKG7,54,0.4150078429116143,0.3148148148148148
14,Classical Monocytes,GNLY,54,0.1807360726374167,0.14814814814814814
14,Classical Monocytes,KLRD1,54,0.0,0.0
14,Classical Monocytes,LYZ,54,3.9898324365969056,0.9814814814814815
14,Classical Monocytes,LST1,54,2.5665939251581826,0.9444444444444444
14,Classical Monocytes,FCGR3A,54,0.7466231341715213,0.2962962962962963
14,Classical Monocytes,S100A8,54,3.7274143110822746,0.9444444444444444
14,Classical Monocytes,S100A9,54,3.9031932365011284,1.0
14,Classical Monocytes,FCER1A,54,0.038412888844807945,0.018518518518518517
14,Classical Monocytes,CD1C,54,0.04038267113544323,0.037037037037037035
14,Classical Monocytes,GZMB,54,0.05395285067734895,0.037037037037037035
14,Classical Monocytes,TCF4,54,0.039764223275361235,0.018518518518518517
14,Classical Monocytes,PLD4,54,0.013410734909552115,0.018518518518518517
14,Classical Monocytes,IGJ,54,0.11163048942883809,0.09259259259259259
14,Classical Monocytes,MZB1,54,0.0,0.0
14,Classical Monocytes,IGLL5,54,0.1669282383388943,0.12962962962962962
14,Classical Monocytes,ISG15,54,1.4155364433924358,0.5740740740740741
14,Classical Monocytes,IFIT1,54,0.3142506667861232,0.25925925925925924
14,Classical Monocytes,HBA1,54,5.762887928220961,1.0
14,Classical Monocytes,HBA2,54,6.660914270966141,1.0
14,Classical Monocytes,HBB,54,7.227737285472728,1.0
14,Classical Monocytes,ALAS2,54,1.1849529754232477,0.5555555555555556
14,Classical Monocytes,PPBP,54,0.1268723022054743,0.1111111111111111
14,Classical Monocytes,PF4,54,0.10166593392690022,0.09259259259259259
14,Classical Monocytes,TUBB1,54,0.0,0.0
14,Classical Monocytes,LTB,54,0.31304387361915026,0.2777777777777778
14,Classical Monocytes,JUNB,54,2.0229727118103593,0.8703703703703703
