sample,cluster,assigned_cell_type,excluded,n_cells
GSM4029896_JB17001,0,Ribosomal/Low-quality,True,619
GSM4029896_JB17001,1,Ribosomal/Low-quality,True,504
GSM4029896_JB17001,10,Platelets,True,15
GSM4029896_JB17001,11,Plasma Cells,False,6
GSM4029896_JB17001,12,IFN-stimulated T Cells,False,29
GSM4029896_JB17001,13,pDCs,False,8
GSM4029896_JB17001,2,Classical Monocytes,False,949
GSM4029896_JB17001,3,B Cells,False,1419
GSM4029896_JB17001,4,CD4 T Cells,False,253
GSM4029896_JB17001,5,CD8 T Cells,False,168
GSM4029896_JB17001,6,NK Cells,False,90
GSM4029896_JB17001,7,Non-classical Monocytes,False,412
GSM4029896_JB17001,8,cDCs,False,71
GSM4029896_JB17001,9,RBCs,True,5
GSM4029897_JB17002,0,Ribosomal/Low-quality,True,865
GSM4029897_JB17002,1,Ribosomal/Low-quality,True,947
GSM4029897_JB17002,10,Platelets,True,5
GSM4029897_JB17002,11,Plasma Cells,False,2
GSM4029897_JB17002,12,IFN-stimulated T Cells,False,29
GSM4029897_JB17002,13,pDCs,False,25
GSM4029897_JB17002,2,Classical Monocytes,False,907
GSM4029897_JB17002,3,B Cells,False,994
GSM4029897_JB17002,4,CD4 T Cells,False,451
GSM4029897_JB17002,5,CD8 T Cells,False,294
GSM4029897_JB17002,6,NK Cells,False,108
GSM4029897_JB17002,7,Non-classical Monocytes,False,351
GSM4029897_JB17002,8,cDCs,False,54
GSM4029897_JB17002,9,RBCs,True,6
GSM4029898_JB17003,0,Ribosomal/Low-quality,True,562
GSM4029898_JB17003,1,Ribosomal/Low-quality,True,566
GSM4029898_JB17003,10,Platelets,True,7
GSM4029898_JB17003,11,Plasma Cells,False,15
GSM4029898_JB17003,12,IFN-stimulated T Cells,False,55
GSM4029898_JB17003,13,pDCs,False,5
GSM4029898_JB17003,2,Classical Monocytes,False,841
GSM4029898_JB17003,3,B Cells,False,401
GSM4029898_JB17003,4,CD4 T Cells,False,301
GSM4029898_JB17003,5,CD8 T Cells,False,308
GSM4029898_JB17003,6,NK Cells,False,160
GSM4029898_JB17003,7,Non-classical Monocytes,False,551
GSM4029898_JB17003,8,cDCs,False,36
GSM4029898_JB17003,9,RBCs,True,2
GSM4029899_JB17004,0,Ribosomal/Low-quality,True,1198
GSM4029899_JB17004,1,Ribosomal/Low-quality,True,1010
GSM4029899_JB17004,10,Platelets,True,22
GSM4029899_JB17004,11,Plasma Cells,False,2
GSM4029899_JB17004,12,IFN-stimulated T Cells,False,28
GSM4029899_JB17004,13,pDCs,False,42
GSM4029899_JB17004,2,Classical Monocytes,False,1472
GSM4029899_JB17004,3,B Cells,False,444
GSM4029899_JB17004,4,CD4 T Cells,False,520
GSM4029899_JB17004,5,CD8 T Cells,False,345
GSM4029899_JB17004,6,NK Cells,False,264
GSM4029899_JB17004,7,Non-classical Monocytes,False,592
GSM4029899_JB17004,8,cDCs,False,53
GSM4029899_JB17004,9,RBCs,True,3
GSM4029900_JB17005,0,Ribosomal/Low-quality,True,787
GSM4029900_JB17005,1,Ribosomal/Low-quality,True,748
GSM4029900_JB17005,10,Platelets,True,23
GSM4029900_JB17005,11,Plasma Cells,False,4
GSM4029900_JB17005,12,IFN-stimulated T Cells,False,1
GSM4029900_JB17005,13,pDCs,False,13
GSM4029900_JB17005,2,Classical Monocytes,False,879
GSM4029900_JB17005,3,B Cells,False,389
GSM4029900_JB17005,4,CD4 T Cells,False,439
GSM4029900_JB17005,5,CD8 T Cells,False,243
GSM4029900_JB17005,6,NK Cells,False,182
GSM4029900_JB17005,7,Non-classical Monocytes,False,350
GSM4029900_JB17005,8,cDCs,False,79
GSM4029900_JB17005,9,RBCs,True,1
GSM4029901_JB17006,0,Ribosomal/Low-quality,True,582
GSM4029901_JB17006,1,Ribosomal/Low-quality,True,801
GSM4029901_JB17006,10,Platelets,True,27
GSM4029901_JB17006,12,IFN-stimulated T Cells,False,2
GSM4029901_JB17006,13,pDCs,False,8
GSM4029901_JB17006,2,Classical Monocytes,False,1798
GSM4029901_JB17006,3,B Cells,False,394
GSM4029901_JB17006,4,CD4 T Cells,False,691
GSM4029901_JB17006,5,CD8 T Cells,False,303
GSM4029901_JB17006,6,NK Cells,False,123
GSM4029901_JB17006,7,Non-classical Monocytes,False,525
GSM4029901_JB17006,8,cDCs,False,60
GSM4029901_JB17006,9,RBCs,True,1
GSM4029902_JB17007,0,Ribosomal/Low-quality,True,861
GSM4029902_JB17007,1,Ribosomal/Low-quality,True,587
GSM4029902_JB17007,10,Platelets,True,41
GSM4029902_JB17007,11,Plasma Cells,False,2
GSM4029902_JB17007,12,IFN-stimulated T Cells,False,40
GSM4029902_JB17007,13,pDCs,False,9
GSM4029902_JB17007,2,Classical Monocytes,False,559
GSM4029902_JB17007,3,B Cells,False,401
GSM4029902_JB17007,4,CD4 T Cells,False,326
GSM4029902_JB17007,5,CD8 T Cells,False,447
GSM4029902_JB17007,6,NK Cells,False,188
GSM4029902_JB17007,7,Non-classical Monocytes,False,301
GSM4029902_JB17007,8,cDCs,False,34
GSM4029902_JB17007,9,RBCs,True,21
GSM4029903_JB17008,0,Ribosomal/Low-quality,True,1476
GSM4029903_JB17008,1,Ribosomal/Low-quality,True,1354
GSM4029903_JB17008,10,Platelets,True,11
GSM4029903_JB17008,11,Plasma Cells,False,6
GSM4029903_JB17008,12,IFN-stimulated T Cells,False,44
GSM4029903_JB17008,13,pDCs,False,8
GSM4029903_JB17008,2,Classical Monocytes,False,229
GSM4029903_JB17008,3,B Cells,False,547
GSM4029903_JB17008,4,CD4 T Cells,False,774
GSM4029903_JB17008,5,CD8 T Cells,False,960
GSM4029903_JB17008,6,NK Cells,False,492
GSM4029903_JB17008,7,Non-classical Monocytes,False,111
GSM4029903_JB17008,8,cDCs,False,12
GSM4029903_JB17008,9,RBCs,True,19
GSM4029904_JB17015,0,Ribosomal/Low-quality,True,3081
GSM4029904_JB17015,1,Ribosomal/Low-quality,True,2143
GSM4029904_JB17015,10,Platelets,True,138
GSM4029904_JB17015,11,Plasma Cells,False,19
GSM4029904_JB17015,12,IFN-stimulated T Cells,False,53
GSM4029904_JB17015,13,pDCs,False,14
GSM4029904_JB17015,2,Classical Monocytes,False,2574
GSM4029904_JB17015,3,B Cells,False,1339
GSM4029904_JB17015,4,CD4 T Cells,False,849
GSM4029904_JB17015,5,CD8 T Cells,False,707
GSM4029904_JB17015,6,NK Cells,False,464
GSM4029904_JB17015,7,Non-classical Monocytes,False,979
GSM4029904_JB17015,8,cDCs,False,65
GSM4029904_JB17015,9,RBCs,True,24
GSM4029905_JB17016,0,Ribosomal/Low-quality,True,876
GSM4029905_JB17016,1,Ribosomal/Low-quality,True,662
GSM4029905_JB17016,10,Platelets,True,96
GSM4029905_JB17016,11,Plasma Cells,False,120
GSM4029905_JB17016,12,IFN-stimulated T Cells,False,12
GSM4029905_JB17016,13,pDCs,False,20
GSM4029905_JB17016,2,Classical Monocytes,False,2724
GSM4029905_JB17016,3,B Cells,False,1626
GSM4029905_JB17016,4,CD4 T Cells,False,366
GSM4029905_JB17016,5,CD8 T Cells,False,782
GSM4029905_JB17016,6,NK Cells,False,882
GSM4029905_JB17016,7,Non-classical Monocytes,False,1291
GSM4029905_JB17016,8,cDCs,False,48
GSM4029905_JB17016,9,RBCs,True,139
GSM4029906_JB17014,0,Ribosomal/Low-quality,True,3888
GSM4029906_JB17014,1,Ribosomal/Low-quality,True,2890
GSM4029906_JB17014,10,Platelets,True,131
GSM4029906_JB17014,11,Plasma Cells,False,12
GSM4029906_JB17014,12,IFN-stimulated T Cells,False,85
GSM4029906_JB17014,13,pDCs,False,25
GSM4029906_JB17014,2,Classical Monocytes,False,1961
GSM4029906_JB17014,3,B Cells,False,727
GSM4029906_JB17014,4,CD4 T Cells,False,1326
GSM4029906_JB17014,5,CD8 T Cells,False,915
GSM4029906_JB17014,6,NK Cells,False,743
GSM4029906_JB17014,7,Non-classical Monocytes,False,679
GSM4029906_JB17014,8,cDCs,False,117
GSM4029906_JB17014,9,RBCs,True,59
GSM4029907_JB17010,0,Ribosomal/Low-quality,True,2263
GSM4029907_JB17010,1,Ribosomal/Low-quality,True,2298
GSM4029907_JB17010,10,Platelets,True,68
GSM4029907_JB17010,11,Plasma Cells,False,24
GSM4029907_JB17010,12,IFN-stimulated T Cells,False,8
GSM4029907_JB17010,13,pDCs,False,54
GSM4029907_JB17010,2,Classical Monocytes,False,1364
GSM4029907_JB17010,3,B Cells,False,1754
GSM4029907_JB17010,4,CD4 T Cells,False,913
GSM4029907_JB17010,5,CD8 T Cells,False,2068
GSM4029907_JB17010,6,NK Cells,False,916
GSM4029907_JB17010,7,Non-classical Monocytes,False,445
GSM4029907_JB17010,8,cDCs,False,137
GSM4029908_JB17019,0,Ribosomal/Low-quality,True,1291
GSM4029908_JB17019,1,Ribosomal/Low-quality,True,782
GSM4029908_JB17019,10,Platelets,True,97
GSM4029908_JB17019,11,Plasma Cells,False,7
GSM4029908_JB17019,12,IFN-stimulated T Cells,False,2
GSM4029908_JB17019,13,pDCs,False,17
GSM4029908_JB17019,2,Classical Monocytes,False,1314
GSM4029908_JB17019,3,B Cells,False,108
GSM4029908_JB17019,4,CD4 T Cells,False,602
GSM4029908_JB17019,5,CD8 T Cells,False,237
GSM4029908_JB17019,6,NK Cells,False,92
GSM4029908_JB17019,7,Non-classical Monocytes,False,206
GSM4029908_JB17019,8,cDCs,False,24
GSM4029908_JB17019,9,RBCs,True,486
GSM4029909_JB17020,0,Ribosomal/Low-quality,True,936
GSM4029909_JB17020,1,Ribosomal/Low-quality,True,979
GSM4029909_JB17020,10,Platelets,True,23
GSM4029909_JB17020,11,Plasma Cells,False,146
GSM4029909_JB17020,13,pDCs,False,14
GSM4029909_JB17020,2,Classical Monocytes,False,822
GSM4029909_JB17020,3,B Cells,False,560
GSM4029909_JB17020,4,CD4 T Cells,False,553
GSM4029909_JB17020,5,CD8 T Cells,False,598
GSM4029909_JB17020,6,NK Cells,False,213
GSM4029909_JB17020,7,Non-classical Monocytes,False,263
GSM4029909_JB17020,8,cDCs,False,52
GSM4029909_JB17020,9,RBCs,True,2
GSM4029910_JB17021,0,Ribosomal/Low-quality,True,246
GSM4029910_JB17021,1,Ribosomal/Low-quality,True,356
GSM4029910_JB17021,10,Platelets,True,42
GSM4029910_JB17021,11,Plasma Cells,False,8
GSM4029910_JB17021,12,IFN-stimulated T Cells,False,38
GSM4029910_JB17021,13,pDCs,False,19
GSM4029910_JB17021,2,Classical Monocytes,False,1362
GSM4029910_JB17021,3,B Cells,False,26
GSM4029910_JB17021,4,CD4 T Cells,False,510
GSM4029910_JB17021,5,CD8 T Cells,False,774
GSM4029910_JB17021,6,NK Cells,False,494
GSM4029910_JB17021,7,Non-classical Monocytes,False,398
GSM4029910_JB17021,8,cDCs,False,67
GSM4029910_JB17021,9,RBCs,True,2
GSM4029911_JB17022,0,Ribosomal/Low-quality,True,2540
GSM4029911_JB17022,1,Ribosomal/Low-quality,True,1267
GSM4029911_JB17022,10,Platelets,True,17
GSM4029911_JB17022,11,Plasma Cells,False,3
GSM4029911_JB17022,12,IFN-stimulated T Cells,False,11
GSM4029911_JB17022,13,pDCs,False,11
GSM4029911_JB17022,2,Classical Monocytes,False,311
GSM4029911_JB17022,3,B Cells,False,489
GSM4029911_JB17022,4,CD4 T Cells,False,471
GSM4029911_JB17022,5,CD8 T Cells,False,785
GSM4029911_JB17022,6,NK Cells,False,274
GSM4029911_JB17022,7,Non-classical Monocytes,False,64
GSM4029911_JB17022,8,cDCs,False,19
GSM4029911_JB17022,9,RBCs,True,2
GSM4029912_JB17023,0,Ribosomal/Low-quality,True,2162
GSM4029912_JB17023,1,Ribosomal/Low-quality,True,1289
GSM4029912_JB17023,10,Platelets,True,9
GSM4029912_JB17023,11,Plasma Cells,False,3
GSM4029912_JB17023,12,IFN-stimulated T Cells,False,70
GSM4029912_JB17023,13,pDCs,False,9
GSM4029912_JB17023,2,Classical Monocytes,False,299
GSM4029912_JB17023,3,B Cells,False,586
GSM4029912_JB17023,4,CD4 T Cells,False,543
GSM4029912_JB17023,5,CD8 T Cells,False,178
GSM4029912_JB17023,6,NK Cells,False,152
GSM4029912_JB17023,7,Non-classical Monocytes,False,152
GSM4029912_JB17023,8,cDCs,False,20
GSM4029912_JB17023,9,RBCs,True,5
GSM4029913_JB17024,0,Ribosomal/Low-quality,True,1450
GSM4029913_JB17024,1,Ribosomal/Low-quality,True,1304
GSM4029913_JB17024,10,Platelets,True,49
GSM4029913_JB17024,11,Plasma Cells,False,4
GSM4029913_JB17024,12,IFN-stimulated T Cells,False,36
GSM4029913_JB17024,13,pDCs,False,11
GSM4029913_JB17024,2,Classical Monocytes,False,960
GSM4029913_JB17024,3,B Cells,False,1014
GSM4029913_JB17024,4,CD4 T Cells,False,429
GSM4029913_JB17024,5,CD8 T Cells,False,82
GSM4029913_JB17024,6,NK Cells,False,257
GSM4029913_JB17024,7,Non-classical Monocytes,False,313
GSM4029913_JB17024,8,cDCs,False,39
GSM4029913_JB17024,9,RBCs,True,2
GSM4029914_JB17017,0,Ribosomal/Low-quality,True,2951
GSM4029914_JB17017,1,Ribosomal/Low-quality,True,2042
GSM4029914_JB17017,10,Platelets,True,5
GSM4029914_JB17017,11,Plasma Cells,False,44
GSM4029914_JB17017,12,IFN-stimulated T Cells,False,16
GSM4029914_JB17017,13,pDCs,False,29
GSM4029914_JB17017,2,Classical Monocytes,False,373
GSM4029914_JB17017,3,B Cells,False,1204
GSM4029914_JB17017,4,CD4 T Cells,False,641
GSM4029914_JB17017,5,CD8 T Cells,False,655
GSM4029914_JB17017,6,NK Cells,False,309
GSM4029914_JB17017,7,Non-classical Monocytes,False,180
GSM4029914_JB17017,8,cDCs,False,88
GSM4029914_JB17017,9,RBCs,True,3
GSM4029915_JB17018,0,Ribosomal/Low-quality,True,2458
GSM4029915_JB17018,1,Ribosomal/Low-quality,True,2108
GSM4029915_JB17018,10,Platelets,True,53
GSM4029915_JB17018,11,Plasma Cells,False,8
GSM4029915_JB17018,12,IFN-stimulated T Cells,False,6
GSM4029915_JB17018,13,pDCs,False,43
GSM4029915_JB17018,2,Classical Monocytes,False,692
GSM4029915_JB17018,3,B Cells,False,743
GSM4029915_JB17018,4,CD4 T Cells,False,717
GSM4029915_JB17018,5,CD8 T Cells,False,518
GSM4029915_JB17018,6,NK Cells,False,938
GSM4029915_JB17018,7,Non-classical Monocytes,False,158
GSM4029915_JB17018,8,cDCs,False,85
GSM4029915_JB17018,9,RBCs,True,2
GSM4029916_JB18063,0,Ribosomal/Low-quality,True,218
GSM4029916_JB18063,1,Ribosomal/Low-quality,True,151
GSM4029916_JB18063,10,Platelets,True,7
GSM4029916_JB18063,11,Plasma Cells,False,178
GSM4029916_JB18063,12,IFN-stimulated T Cells,False,23
GSM4029916_JB18063,13,pDCs,False,6
GSM4029916_JB18063,2,Classical Monocytes,False,644
GSM4029916_JB18063,3,B Cells,False,758
GSM4029916_JB18063,4,CD4 T Cells,False,362
GSM4029916_JB18063,5,CD8 T Cells,False,247
GSM4029916_JB18063,6,NK Cells,False,163
GSM4029916_JB18063,7,Non-classical Monocytes,False,220
GSM4029916_JB18063,8,cDCs,False,31
GSM4029916_JB18063,9,RBCs,True,1
GSM4029917_JB18064,0,Ribosomal/Low-quality,True,1194
GSM4029917_JB18064,1,Ribosomal/Low-quality,True,988
GSM4029917_JB18064,10,Platelets,True,34
GSM4029917_JB18064,11,Plasma Cells,False,133
GSM4029917_JB18064,12,IFN-stimulated T Cells,False,92
GSM4029917_JB18064,13,pDCs,False,15
GSM4029917_JB18064,2,Classical Monocytes,False,719
GSM4029917_JB18064,3,B Cells,False,322
GSM4029917_JB18064,4,CD4 T Cells,False,1471
GSM4029917_JB18064,5,CD8 T Cells,False,937
GSM4029917_JB18064,6,NK Cells,False,291
GSM4029917_JB18064,7,Non-classical Monocytes,False,434
GSM4029917_JB18064,8,cDCs,False,45
GSM4029917_JB18064,9,RBCs,True,14
GSM4029918_JB18065,0,Ribosomal/Low-quality,True,1544
GSM4029918_JB18065,1,Ribosomal/Low-quality,True,1204
GSM4029918_JB18065,10,Platelets,True,23
GSM4029918_JB18065,11,Plasma Cells,False,20
GSM4029918_JB18065,12,IFN-stimulated T Cells,False,1
GSM4029918_JB18065,13,pDCs,False,6
GSM4029918_JB18065,2,Classical Monocytes,False,453
GSM4029918_JB18065,3,B Cells,False,249
GSM4029918_JB18065,4,CD4 T Cells,False,870
GSM4029918_JB18065,5,CD8 T Cells,False,569
GSM4029918_JB18065,6,NK Cells,False,300
GSM4029918_JB18065,7,Non-classical Monocytes,False,148
GSM4029918_JB18065,8,cDCs,False,49
GSM4029918_JB18065,9,RBCs,True,8
GSM4029919_JB18066,0,Ribosomal/Low-quality,True,379
GSM4029919_JB18066,1,Ribosomal/Low-quality,True,279
GSM4029919_JB18066,10,Platelets,True,29
GSM4029919_JB18066,11,Plasma Cells,False,14
GSM4029919_JB18066,12,IFN-stimulated T Cells,False,33
GSM4029919_JB18066,13,pDCs,False,1
GSM4029919_JB18066,2,Classical Monocytes,False,443
GSM4029919_JB18066,3,B Cells,False,398
GSM4029919_JB18066,4,CD4 T Cells,False,308
GSM4029919_JB18066,5,CD8 T Cells,False,514
GSM4029919_JB18066,6,NK Cells,False,148
GSM4029919_JB18066,7,Non-classical Monocytes,False,132
GSM4029919_JB18066,8,cDCs,False,9
GSM4029919_JB18066,9,RBCs,True,49
GSM4029920_JB18067,0,Ribosomal/Low-quality,True,1683
GSM4029920_JB18067,1,Ribosomal/Low-quality,True,964
GSM4029920_JB18067,10,Platelets,True,15
GSM4029920_JB18067,11,Plasma Cells,False,2
GSM4029920_JB18067,12,IFN-stimulated T Cells,False,26
GSM4029920_JB18067,13,pDCs,False,16
GSM4029920_JB18067,2,Classical Monocytes,False,709
GSM4029920_JB18067,3,B Cells,False,325
GSM4029920_JB18067,4,CD4 T Cells,False,525
GSM4029920_JB18067,5,CD8 T Cells,False,206
GSM4029920_JB18067,6,NK Cells,False,162
GSM4029920_JB18067,7,Non-classical Monocytes,False,152
GSM4029920_JB18067,8,cDCs,False,37
GSM4029920_JB18067,9,RBCs,True,109
GSM4029921_JB18068,0,Ribosomal/Low-quality,True,696
GSM4029921_JB18068,1,Ribosomal/Low-quality,True,431
GSM4029921_JB18068,10,Platelets,True,54
GSM4029921_JB18068,11,Plasma Cells,False,84
GSM4029921_JB18068,12,IFN-stimulated T Cells,False,29
GSM4029921_JB18068,13,pDCs,False,8
GSM4029921_JB18068,2,Classical Monocytes,False,514
GSM4029921_JB18068,3,B Cells,False,408
GSM4029921_JB18068,4,CD4 T Cells,False,325
GSM4029921_JB18068,5,CD8 T Cells,False,543
GSM4029921_JB18068,6,NK Cells,False,184
GSM4029921_JB18068,7,Non-classical Monocytes,False,229
GSM4029921_JB18068,8,cDCs,False,21
GSM4029921_JB18068,9,RBCs,True,78
GSM4029922_JB18069,0,Ribosomal/Low-quality,True,1553
GSM4029922_JB18069,1,Ribosomal/Low-quality,True,1156
GSM4029922_JB18069,10,Platelets,True,17
GSM4029922_JB18069,11,Plasma Cells,False,6
GSM4029922_JB18069,12,IFN-stimulated T Cells,False,16
GSM4029922_JB18069,13,pDCs,False,10
GSM4029922_JB18069,2,Classical Monocytes,False,526
GSM4029922_JB18069,3,B Cells,False,453
GSM4029922_JB18069,4,CD4 T Cells,False,868
GSM4029922_JB18069,5,CD8 T Cells,False,373
GSM4029922_JB18069,6,NK Cells,False,662
GSM4029922_JB18069,7,Non-classical Monocytes,False,228
GSM4029922_JB18069,8,cDCs,False,41
GSM4029922_JB18069,9,RBCs,True,2
GSM4029923_JB18070,0,Ribosomal/Low-quality,True,913
GSM4029923_JB18070,1,Ribosomal/Low-quality,True,958
GSM4029923_JB18070,10,Platelets,True,27
GSM4029923_JB18070,11,Plasma Cells,False,12
GSM4029923_JB18070,12,IFN-stimulated T Cells,False,7
GSM4029923_JB18070,13,pDCs,False,24
GSM4029923_JB18070,2,Classical Monocytes,False,594
GSM4029923_JB18070,3,B Cells,False,477
GSM4029923_JB18070,4,CD4 T Cells,False,566
GSM4029923_JB18070,5,CD8 T Cells,False,765
GSM4029923_JB18070,6,NK Cells,False,673
GSM4029923_JB18070,7,Non-classical Monocytes,False,243
GSM4029923_JB18070,8,cDCs,False,49
GSM4029923_JB18070,9,RBCs,True,38
GSM4029924_JB18071,0,Ribosomal/Low-quality,True,911
GSM4029924_JB18071,1,Ribosomal/Low-quality,True,781
GSM4029924_JB18071,10,Platelets,True,11
GSM4029924_JB18071,11,Plasma Cells,False,42
GSM4029924_JB18071,12,IFN-stimulated T Cells,False,44
GSM4029924_JB18071,13,pDCs,False,5
GSM4029924_JB18071,2,Classical Monocytes,False,476
GSM4029924_JB18071,3,B Cells,False,1055
GSM4029924_JB18071,4,CD4 T Cells,False,463
GSM4029924_JB18071,5,CD8 T Cells,False,913
GSM4029924_JB18071,6,NK Cells,False,475
GSM4029924_JB18071,7,Non-classical Monocytes,False,240
GSM4029924_JB18071,8,cDCs,False,14
GSM4029924_JB18071,9,RBCs,True,3
GSM4029925_JB18072,0,Ribosomal/Low-quality,True,670
GSM4029925_JB18072,1,Ribosomal/Low-quality,True,551
GSM4029925_JB18072,10,Platelets,True,8
GSM4029925_JB18072,11,Plasma Cells,False,19
GSM4029925_JB18072,12,IFN-stimulated T Cells,False,24
GSM4029925_JB18072,13,pDCs,False,12
GSM4029925_JB18072,2,Classical Monocytes,False,1293
GSM4029925_JB18072,3,B Cells,False,614
GSM4029925_JB18072,4,CD4 T Cells,False,574
GSM4029925_JB18072,5,CD8 T Cells,False,436
GSM4029925_JB18072,6,NK Cells,False,158
GSM4029925_JB18072,7,Non-classical Monocytes,False,393
GSM4029925_JB18072,8,cDCs,False,72
GSM4029925_JB18072,9,RBCs,True,2
GSM4029926_JB18073,0,Ribosomal/Low-quality,True,1231
GSM4029926_JB18073,1,Ribosomal/Low-quality,True,890
GSM4029926_JB18073,10,Platelets,True,13
GSM4029926_JB18073,11,Plasma Cells,False,46
GSM4029926_JB18073,12,IFN-stimulated T Cells,False,65
GSM4029926_JB18073,13,pDCs,False,13
GSM4029926_JB18073,2,Classical Monocytes,False,784
GSM4029926_JB18073,3,B Cells,False,842
GSM4029926_JB18073,4,CD4 T Cells,False,636
GSM4029926_JB18073,5,CD8 T Cells,False,308
GSM4029926_JB18073,6,NK Cells,False,241
GSM4029926_JB18073,7,Non-classical Monocytes,False,435
GSM4029926_JB18073,8,cDCs,False,30
GSM4029926_JB18073,9,RBCs,True,4
GSM4029927_JB18074,0,Ribosomal/Low-quality,True,1013
GSM4029927_JB18074,1,Ribosomal/Low-quality,True,800
GSM4029927_JB18074,10,Platelets,True,26
GSM4029927_JB18074,11,Plasma Cells,False,171
GSM4029927_JB18074,12,IFN-stimulated T Cells,False,53
GSM4029927_JB18074,13,pDCs,False,18
GSM4029927_JB18074,2,Classical Monocytes,False,1086
GSM4029927_JB18074,3,B Cells,False,697
GSM4029927_JB18074,4,CD4 T Cells,False,656
GSM4029927_JB18074,5,CD8 T Cells,False,639
GSM4029927_JB18074,6,NK Cells,False,289
GSM4029927_JB18074,7,Non-classical Monocytes,False,298
GSM4029927_JB18074,8,cDCs,False,41
GSM4029927_JB18074,9,RBCs,True,52
GSM4029928_JB18075,0,Ribosomal/Low-quality,True,476
GSM4029928_JB18075,1,Ribosomal/Low-quality,True,472
GSM4029928_JB18075,10,Platelets,True,12
GSM4029928_JB18075,11,Plasma Cells,False,5
GSM4029928_JB18075,12,IFN-stimulated T Cells,False,14
GSM4029928_JB18075,13,pDCs,False,13
GSM4029928_JB18075,2,Classical Monocytes,False,1579
GSM4029928_JB18075,3,B Cells,False,159
GSM4029928_JB18075,4,CD4 T Cells,False,333
GSM4029928_JB18075,5,CD8 T Cells,False,560
GSM4029928_JB18075,6,NK Cells,False,230
GSM4029928_JB18075,7,Non-classical Monocytes,False,548
GSM4029928_JB18075,8,cDCs,False,59
GSM4029928_JB18075,9,RBCs,True,212
GSM4029929_JB18076,0,Ribosomal/Low-quality,True,1293
GSM4029929_JB18076,1,Ribosomal/Low-quality,True,1204
GSM4029929_JB18076,10,Platelets,True,33
GSM4029929_JB18076,11,Plasma Cells,False,15
GSM4029929_JB18076,12,IFN-stimulated T Cells,False,14
GSM4029929_JB18076,13,pDCs,False,20
GSM4029929_JB18076,2,Classical Monocytes,False,389
GSM4029929_JB18076,3,B Cells,False,150
GSM4029929_JB18076,4,CD4 T Cells,False,607
GSM4029929_JB18076,5,CD8 T Cells,False,1374
GSM4029929_JB18076,6,NK Cells,False,298
GSM4029929_JB18076,7,Non-classical Monocytes,False,114
GSM4029929_JB18076,8,cDCs,False,32
GSM4029929_JB18076,9,RBCs,True,4
GSM4029930_JB18077,0,Ribosomal/Low-quality,True,2708
GSM4029930_JB18077,1,Ribosomal/Low-quality,True,1869
GSM4029930_JB18077,10,Platelets,True,18
GSM4029930_JB18077,11,Plasma Cells,False,26
GSM4029930_JB18077,12,IFN-stimulated T Cells,False,6
GSM4029930_JB18077,13,pDCs,False,15
GSM4029930_JB18077,2,Classical Monocytes,False,249
GSM4029930_JB18077,3,B Cells,False,943
GSM4029930_JB18077,4,CD4 T Cells,False,938
GSM4029930_JB18077,5,CD8 T Cells,False,524
GSM4029930_JB18077,6,NK Cells,False,238
GSM4029930_JB18077,7,Non-classical Monocytes,False,118
GSM4029930_JB18077,8,cDCs,False,41
GSM4029930_JB18077,9,RBCs,True,12
GSM4029931_JB18078,0,Ribosomal/Low-quality,True,2312
GSM4029931_JB18078,1,Ribosomal/Low-quality,True,1855
GSM4029931_JB18078,10,Platelets,True,32
GSM4029931_JB18078,11,Plasma Cells,False,17
GSM4029931_JB18078,12,IFN-stimulated T Cells,False,15
GSM4029931_JB18078,13,pDCs,False,35
GSM4029931_JB18078,2,Classical Monocytes,False,298
GSM4029931_JB18078,3,B Cells,False,806
GSM4029931_JB18078,4,CD4 T Cells,False,626
GSM4029931_JB18078,5,CD8 T Cells,False,298
GSM4029931_JB18078,6,NK Cells,False,427
GSM4029931_JB18078,7,Non-classical Monocytes,False,213
GSM4029931_JB18078,8,cDCs,False,69
GSM4029931_JB18078,9,RBCs,True,22
GSM4029932_JB18079,0,Ribosomal/Low-quality,True,2386
GSM4029932_JB18079,1,Ribosomal/Low-quality,True,1857
GSM4029932_JB18079,10,Platelets,True,12
GSM4029932_JB18079,11,Plasma Cells,False,24
GSM4029932_JB18079,12,IFN-stimulated T Cells,False,1
GSM4029932_JB18079,13,pDCs,False,14
GSM4029932_JB18079,2,Classical Monocytes,False,536
GSM4029932_JB18079,3,B Cells,False,607
GSM4029932_JB18079,4,CD4 T Cells,False,887
GSM4029932_JB18079,5,CD8 T Cells,False,263
GSM4029932_JB18079,6,NK Cells,False,526
GSM4029932_JB18079,7,Non-classical Monocytes,False,306
GSM4029932_JB18079,8,cDCs,False,60
GSM4029932_JB18079,9,RBCs,True,1
GSM4029933_JB18080,0,Ribosomal/Low-quality,True,1351
GSM4029933_JB18080,1,Ribosomal/Low-quality,True,1057
GSM4029933_JB18080,10,Platelets,True,12
GSM4029933_JB18080,11,Plasma Cells,False,9
GSM4029933_JB18080,12,IFN-stimulated T Cells,False,75
GSM4029933_JB18080,13,pDCs,False,10
GSM4029933_JB18080,2,Classical Monocytes,False,454
GSM4029933_JB18080,3,B Cells,False,246
GSM4029933_JB18080,4,CD4 T Cells,False,542
GSM4029933_JB18080,5,CD8 T Cells,False,233
GSM4029933_JB18080,6,NK Cells,False,248
GSM4029933_JB18080,7,Non-classical Monocytes,False,120
GSM4029933_JB18080,8,cDCs,False,19
GSM4029933_JB18080,9,RBCs,True,17
GSM4029934_JB18081,0,Ribosomal/Low-quality,True,664
GSM4029934_JB18081,1,Ribosomal/Low-quality,True,920
GSM4029934_JB18081,10,Platelets,True,15
GSM4029934_JB18081,11,Plasma Cells,False,7
GSM4029934_JB18081,12,IFN-stimulated T Cells,False,3
GSM4029934_JB18081,13,pDCs,False,36
GSM4029934_JB18081,2,Classical Monocytes,False,640
GSM4029934_JB18081,3,B Cells,False,834
GSM4029934_JB18081,4,CD4 T Cells,False,813
GSM4029934_JB18081,5,CD8 T Cells,False,1626
GSM4029934_JB18081,6,NK Cells,False,462
GSM4029934_JB18081,7,Non-classical Monocytes,False,414
GSM4029934_JB18081,8,cDCs,False,30
GSM4029934_JB18081,9,RBCs,True,30
GSM4029935_JB18082,0,Ribosomal/Low-quality,True,1578
GSM4029935_JB18082,1,Ribosomal/Low-quality,True,1485
GSM4029935_JB18082,10,Platelets,True,15
GSM4029935_JB18082,11,Plasma Cells,False,13
GSM4029935_JB18082,12,IFN-stimulated T Cells,False,31
GSM4029935_JB18082,13,pDCs,False,30
GSM4029935_JB18082,2,Classical Monocytes,False,528
GSM4029935_JB18082,3,B Cells,False,1006
GSM4029935_JB18082,4,CD4 T Cells,False,933
GSM4029935_JB18082,5,CD8 T Cells,False,1197
GSM4029935_JB18082,6,NK Cells,False,350
GSM4029935_JB18082,7,Non-classical Monocytes,False,201
GSM4029935_JB18082,8,cDCs,False,50
GSM4029935_JB18082,9,RBCs,True,5
GSM4029936_JB18085,0,Ribosomal/Low-quality,True,1781
GSM4029936_JB18085,1,Ribosomal/Low-quality,True,1403
GSM4029936_JB18085,10,Platelets,True,13
GSM4029936_JB18085,11,Plasma Cells,False,21
GSM4029936_JB18085,12,IFN-stimulated T Cells,False,9
GSM4029936_JB18085,13,pDCs,False,8
GSM4029936_JB18085,2,Classical Monocytes,False,260
GSM4029936_JB18085,3,B Cells,False,1034
GSM4029936_JB18085,4,CD4 T Cells,False,1004
GSM4029936_JB18085,5,CD8 T Cells,False,200
GSM4029936_JB18085,6,NK Cells,False,279
GSM4029936_JB18085,7,Non-classical Monocytes,False,118
GSM4029936_JB18085,8,cDCs,False,17
GSM4029936_JB18085,9,RBCs,True,3
GSM4029937_JB18086,0,Ribosomal/Low-quality,True,1826
GSM4029937_JB18086,1,Ribosomal/Low-quality,True,1392
GSM4029937_JB18086,10,Platelets,True,20
GSM4029937_JB18086,11,Plasma Cells,False,20
GSM4029937_JB18086,12,IFN-stimulated T Cells,False,6
GSM4029937_JB18086,13,pDCs,False,24
GSM4029937_JB18086,2,Classical Monocytes,False,673
GSM4029937_JB18086,3,B Cells,False,743
GSM4029937_JB18086,4,CD4 T Cells,False,705
GSM4029937_JB18086,5,CD8 T Cells,False,303
GSM4029937_JB18086,6,NK Cells,False,523
GSM4029937_JB18086,7,Non-classical Monocytes,False,208
GSM4029937_JB18086,8,cDCs,False,56
GSM4029937_JB18086,9,RBCs,True,6
GSM4029938_JB18083,0,Ribosomal/Low-quality,True,1679
GSM4029938_JB18083,1,Ribosomal/Low-quality,True,1309
GSM4029938_JB18083,10,Platelets,True,34
GSM4029938_JB18083,11,Plasma Cells,False,34
GSM4029938_JB18083,12,IFN-stimulated T Cells,False,13
GSM4029938_JB18083,13,pDCs,False,59
GSM4029938_JB18083,2,Classical Monocytes,False,341
GSM4029938_JB18083,3,B Cells,False,735
GSM4029938_JB18083,4,CD4 T Cells,False,785
GSM4029938_JB18083,5,CD8 T Cells,False,733
GSM4029938_JB18083,6,NK Cells,False,1168
GSM4029938_JB18083,7,Non-classical Monocytes,False,144
GSM4029938_JB18083,8,cDCs,False,66
GSM4029938_JB18083,9,RBCs,True,8
GSM4029939_JB18084,0,Ribosomal/Low-quality,True,1565
GSM4029939_JB18084,1,Ribosomal/Low-quality,True,1656
GSM4029939_JB18084,10,Platelets,True,23
GSM4029939_JB18084,11,Plasma Cells,False,20
GSM4029939_JB18084,12,IFN-stimulated T Cells,False,17
GSM4029939_JB18084,13,pDCs,False,21
GSM4029939_JB18084,2,Classical Monocytes,False,751
GSM4029939_JB18084,3,B Cells,False,863
GSM4029939_JB18084,4,CD4 T Cells,False,847
GSM4029939_JB18084,5,CD8 T Cells,False,373
GSM4029939_JB18084,6,NK Cells,False,690
GSM4029939_JB18084,7,Non-classical Monocytes,False,224
GSM4029939_JB18084,8,cDCs,False,69
GSM4029939_JB18084,9,RBCs,True,8
