group,names,scores,logfoldchanges,pvals,pvals_adj
0,RPL21,244.0927,0.7418646,0.0,0.0
0,RPL32,243.00471,0.71772337,0.0,0.0
0,RPL31,235.794,0.8789448,0.0,0.0
0,RPL13,233.8882,0.7191151,0.0,0.0
0,RPS6,230.31262,0.8725521,0.0,0.0
0,RPS12,221.76428,0.83719176,0.0,0.0
0,RPL34,220.47774,0.6881449,0.0,0.0
0,RPL11,218.37994,0.63838047,0.0,0.0
0,RPS25,217.57773,0.8172291,0.0,0.0
0,RPS13,216.79391,0.72708994,0.0,0.0
0,RPL35A,216.75574,0.6899368,0.0,0.0
0,RPS27A,216.71692,0.73525137,0.0,0.0
0,RPL30,215.76662,0.83437425,0.0,0.0
0,RPS15A,212.91133,0.6968819,0.0,0.0
0,RPS3A,210.92584,0.8300692,0.0,0.0
0,RPLP2,210.48997,0.6941903,0.0,0.0
0,RPS14,209.22383,0.6259808,0.0,0.0
0,RPS27,206.46187,0.6876119,0.0,0.0
0,RPS29,201.92145,0.7646139,0.0,0.0
0,RPL7,200.50511,0.64326924,0.0,0.0
1,JUNB,197.54298,1.5455979,0.0,0.0
1,RPS6,167.89272,0.7203036,0.0,0.0
1,RPL13,162.20758,0.568145,0.0,0.0
1,RPS12,161.42363,0.67352617,0.0,0.0
1,RPL3,159.64032,0.7298836,0.0,0.0
1,RPS3,158.16632,0.63476974,0.0,0.0
1,RPL31,157.08273,0.68157655,0.0,0.0
1,EEF1A1,156.15262,0.598999,0.0,0.0
1,RPL32,155.5579,0.52371335,0.0,0.0
1,RPS14,153.75996,0.50965166,0.0,0.0
1,RPS18,153.6935,0.5814936,0.0,0.0
1,RPS4X,150.34183,0.6177162,0.0,0.0
1,RPS25,148.56525,0.64136815,0.0,0.0
1,RPL34,147.81885,0.5237977,0.0,0.0
1,RPL21,144.91046,0.5027972,0.0,0.0
1,RPS28,143.36812,0.4642636,0.0,0.0
1,RPL10,142.56941,0.46173972,0.0,0.0
1,RPS2,141.55396,0.5074316,0.0,0.0
1,RPS15A,141.09624,0.5340093,0.0,0.0
1,RPS29,140.86942,0.6267164,0.0,0.0
2,S100A9,302.76367,6.8987412,0.0,0.0
2,S100A8,301.98346,6.879853,0.0,0.0
2,LYZ,299.59973,6.8605776,0.0,0.0
2,S100A6,287.03836,3.2600012,0.0,0.0
2,FTL,282.90787,2.988861,0.0,0.0
2,TYROBP,282.2359,5.1076393,0.0,0.0
2,NEAT1,280.38403,3.7383342,0.0,0.0
2,CTSS,278.4863,4.2110357,0.0,0.0
2,FCN1,275.3521,5.4096437,0.0,0.0
2,CST3,275.15344,5.3020687,0.0,0.0
2,S100A12,274.50534,6.378289,0.0,0.0
2,GPX1,272.1034,3.9428267,0.0,0.0
2,LGALS1,270.6067,4.4098444,0.0,0.0
2,CSTA,266.00354,5.3613005,0.0,0.0
2,VCAN,265.5163,5.9492955,0.0,0.0
2,S100A4,263.67303,3.1994035,0.0,0.0
2,LST1,262.31592,4.382889,0.0,0.0
2,SRGN,259.53165,2.9365313,0.0,0.0
2,FTH1,257.75647,1.9822947,0.0,0.0
2,MNDA,257.73373,5.2835283,0.0,0.0
3,CD74,276.6637,4.7220488,0.0,0.0
3,CD79A,269.56393,6.9900017,0.0,0.0
3,HLA-DRA,266.31213,4.9971037,0.0,0.0
3,HLA-DPB1,254.98318,4.1785893,0.0,0.0
3,CD37,249.1526,2.5880585,0.0,0.0
3,HLA-DRB1,248.50775,4.233891,0.0,0.0
3,HLA-DPA1,247.6873,4.1656113,0.0,0.0
3,HLA-DQB1,245.0575,4.6915746,0.0,0.0
3,MS4A1,234.75188,7.3778706,0.0,0.0
3,CD79B,227.38145,5.279157,0.0,0.0
3,HLA-DQA1,225.26195,5.3152003,0.0,0.0
3,HLA-DMA,174.92632,3.3266122,0.0,0.0
3,TCL1A,159.38399,6.9347744,0.0,0.0
3,LINC00926,156.12436,7.2189445,0.0,0.0
3,LAPTM5,153.60138,1.2805508,0.0,0.0
3,RPS11,149.99107,0.8320273,0.0,0.0
3,HLA-DMB,149.70865,3.5777843,0.0,0.0
3,CD52,147.56967,1.1869224,0.0,0.0
3,CXCR4,146.60136,1.583039,0.0,0.0
3,VPREB3,146.47331,7.5201406,0.0,0.0
4,LTB,160.27213,2.0922492,0.0,0.0
4,IL32,151.9635,2.1546335,0.0,0.0
4,CD52,116.29551,1.0191439,0.0,0.0
4,IL7R,103.119225,1.5936902,0.0,0.0
4,CD3D,102.48158,1.4022362,0.0,0.0
4,LDHB,102.12618,1.2263494,0.0,0.0
4,ITGB1,96.98634,2.0475273,0.0,0.0
4,CRIP1,94.279205,1.4016616,0.0,0.0
4,KLRB1,93.5324,2.221864,0.0,0.0
4,CD3E,90.72754,1.2653704,0.0,0.0
4,CD2,90.184845,1.4582354,0.0,0.0
4,GSTK1,89.86346,1.1726191,0.0,0.0
4,RPL41,89.82543,0.29781678,0.0,0.0
4,FXYD5,89.16882,0.8743633,0.0,0.0
4,RPS29,86.348694,0.4977285,0.0,0.0
4,RPL36,85.32209,0.3969241,0.0,0.0
4,CD69,83.219894,1.1066351,0.0,0.0
4,B2M,82.65222,0.31153923,0.0,0.0
4,KLF6,81.41928,1.056343,0.0,0.0
4,HINT1,77.98473,0.73450637,0.0,0.0
5,CCL5,244.85576,5.834243,0.0,0.0
5,NKG7,234.97319,5.5916233,0.0,0.0
5,CST7,212.47037,4.586253,0.0,0.0
5,GZMH,209.43207,5.635062,0.0,0.0
5,B2M,204.01646,0.9344704,0.0,0.0
5,GZMA,199.60484,4.370093,0.0,0.0
5,HLA-C,189.06955,1.2215731,0.0,0.0
5,HLA-B,176.21121,1.0458057,0.0,0.0
5,HLA-A,173.20122,1.0730212,0.0,0.0
5,IL32,172.76515,2.5325902,0.0,0.0
5,CTSW,163.3663,3.168054,0.0,0.0
5,FGFBP2,159.4151,4.309256,0.0,0.0
5,CCL4,158.23819,3.7568047,0.0,0.0
5,HCST,157.04922,1.8596851,0.0,0.0
5,CD99,151.14946,2.26058,0.0,0.0
5,CD3D,151.01768,2.0091197,0.0,0.0
5,GNLY,143.84743,3.7762887,0.0,0.0
5,PFN1,142.46716,1.0797026,0.0,0.0
5,CD52,137.05022,1.1886666,0.0,0.0
5,GZMM,135.08684,2.4243252,0.0,0.0
6,GNLY,204.10521,6.8628078,0.0,0.0
6,NKG7,201.15263,5.918216,0.0,0.0
6,CTSW,187.64056,4.5122833,0.0,0.0
6,GZMB,184.19945,5.8902335,0.0,0.0
6,CST7,183.32314,4.8423305,0.0,0.0
6,PRF1,181.2882,5.5147243,0.0,0.0
6,GZMA,177.1271,4.780161,0.0,0.0
6,CD7,164.96513,2.9238503,0.0,0.0
6,KLRB1,161.20082,4.5258436,0.0,0.0
6,KLRF1,161.15758,7.042323,0.0,0.0
6,B2M,160.97105,0.90552384,0.0,0.0
6,HOPX,157.99551,4.6668305,0.0,0.0
6,HLA-C,157.42284,1.2706436,0.0,0.0
6,KLRD1,155.92363,4.774171,0.0,0.0
6,SPON2,153.7313,5.452219,0.0,0.0
6,PFN1,153.36221,1.48245,0.0,0.0
6,FGFBP2,151.98131,4.9481263,0.0,0.0
6,IFITM2,149.24646,2.2097979,0.0,0.0
6,HLA-A,148.28369,1.1497442,0.0,0.0
6,HCST,146.2695,2.1296637,0.0,0.0
7,AIF1,185.01561,4.4364147,0.0,0.0
7,LST1,183.71031,4.8305717,0.0,0.0
7,PSAP,180.6226,3.8180375,0.0,0.0
7,FTL,179.6094,3.0231953,0.0,0.0
7,CST3,178.76991,5.06649,0.0,0.0
7,FCER1G,178.7202,4.4507384,0.0,0.0
7,FTH1,176.25343,2.430588,0.0,0.0
7,S100A11,175.42487,3.9283798,0.0,0.0
7,CTSS,173.63731,3.9377875,0.0,0.0
7,TYROBP,172.74603,4.612304,0.0,0.0
7,SERPINA1,170.86646,4.551532,0.0,0.0
7,COTL1,169.35437,3.1617298,0.0,0.0
7,SAT1,168.4824,3.4631398,0.0,0.0
7,CFD,164.14363,4.4079633,0.0,0.0
7,NPC2,163.91743,3.4413733,0.0,0.0
7,FCN1,162.64737,4.462367,0.0,0.0
7,OAZ1,162.62257,1.9401866,0.0,0.0
7,SPI1,162.40695,4.1755238,0.0,0.0
7,S100A6,162.21977,2.7975662,0.0,0.0
7,S100A4,162.15288,3.0239563,0.0,0.0
8,HLA-DRB1,75.3638,4.7119117,0.0,0.0
8,HLA-DPB1,75.34012,4.6825786,0.0,0.0
8,HLA-DRA,75.15599,5.022146,0.0,0.0
8,HLA-DPA1,75.00126,4.741802,0.0,0.0
8,CST3,74.51762,5.2905855,0.0,0.0
8,CD74,71.915955,4.326421,0.0,0.0
8,HLA-DQB1,70.68101,4.4326935,0.0,0.0
8,HLA-DQA1,69.97912,4.9618506,0.0,0.0
8,HLA-DMA,68.84193,3.8388069,0.0,0.0
8,VIM,66.897514,2.668763,0.0,0.0
8,COTL1,66.29793,2.9027433,0.0,0.0
8,FCER1A,64.22103,8.83619,0.0,0.0
8,ANXA2,63.89691,3.3625078,0.0,0.0
8,GRN,63.621067,3.530257,0.0,0.0
8,CPVL,63.18652,4.257924,0.0,0.0
8,KLF4,62.16121,3.6036968,0.0,0.0
8,HLA-DMB,61.879364,3.572506,0.0,0.0
8,GSTP1,61.837048,2.786535,0.0,0.0
8,ACTB,61.728207,1.6297764,0.0,0.0
8,ARPC1B,61.68236,2.147846,0.0,0.0
9,HBA1,62.693905,13.504595,0.0,0.0
9,SLC25A37,61.380127,7.4790945,0.0,0.0
9,UBB,57.64519,3.9851906,0.0,0.0
9,SNCA,55.89001,9.400631,0.0,0.0
9,FKBP8,54.72862,3.9014359,0.0,0.0
9,SLC25A39,54.143696,5.508524,0.0,0.0
9,ADIPOR1,45.850647,4.75364,0.0,0.0
9,STRADB,45.178097,5.898895,0.0,0.0
9,DCAF12,44.67489,6.686776,0.0,0.0
9,BNIP3L,43.987125,4.2745543,0.0,0.0
9,MKRN1,43.89073,4.038057,0.0,0.0
9,GYPC,42.9133,2.9821694,0.0,0.0
9,FBXO7,42.842358,4.123685,0.0,0.0
9,YBX3,42.09868,3.8854167,0.0,0.0
9,BLVRB,38.963676,4.201589,0.0,0.0
9,FAM210B,38.66156,5.7237673,0.0,0.0
9,MPP1,37.313187,5.253695,1.0030855916264539e-304,8.899790438809882e-303
9,GUK1,37.14322,2.4076488,5.640923115176962e-302,4.970580539503536e-300
9,GMPR,36.335506,6.7340994,4.4515944716170635e-289,3.869578572794157e-287
9,BPGM,34.96883,5.5959425,6.700896354827115e-268,5.354474012723654e-266
10,GPX1,53.921425,4.0607443,0.0,0.0
10,H3F3A,48.543385,2.0685024,0.0,0.0
10,OAZ1,48.148956,2.1500473,0.0,0.0
10,NRGN,46.416954,6.2312636,0.0,0.0
10,PPBP,46.388836,8.666359,0.0,0.0
10,FTH1,45.52379,1.7599454,0.0,0.0
10,PF4,44.83537,8.592246,0.0,0.0
10,GNG11,44.61448,8.14755,0.0,0.0
10,SAT1,43.95989,2.7361867,0.0,0.0
10,SDPR,43.89402,8.601821,0.0,0.0
10,TUBB1,41.45067,8.771625,0.0,0.0
10,HIST1H2AC,40.91031,6.1818323,0.0,0.0
10,SRGN,40.256615,2.19122,0.0,0.0
10,RGS18,40.047962,5.8707995,0.0,0.0
10,FTL,39.744095,1.8105745,0.0,0.0
10,SH3BGRL3,38.918953,1.706555,0.0,0.0
10,ACTB,38.55645,1.4278934,0.0,0.0
10,CLU,37.554436,5.995308,1.192480311115492e-308,4.648866425000244e-306
10,CST3,37.426517,3.104617,1.447809590636635e-306,5.321734395297232e-304
10,NCOA4,37.342335,3.6272383,3.376442497418148e-305,1.1739981818725534e-302
11,MZB1,62.437252,8.941259,0.0,0.0
11,IGJ,62.06508,9.457808,0.0,0.0
11,PPIB,61.307087,4.3196683,0.0,0.0
11,HSP90B1,61.142666,4.990078,0.0,0.0
11,ITM2C,59.689384,6.3802996,0.0,0.0
11,SUB1,59.232452,3.5340805,0.0,0.0
11,IGLL5,58.750282,7.475504,0.0,0.0
11,SSR4,58.271492,3.391905,0.0,0.0
11,SEC11C,58.19717,5.312791,0.0,0.0
11,SPCS2,58.130943,3.7950704,0.0,0.0
11,PDIA4,58.089413,4.956069,0.0,0.0
11,XBP1,57.592987,4.396519,0.0,0.0
11,C19orf10,57.56235,4.618215,0.0,0.0
11,FKBP11,56.852455,4.723713,0.0,0.0
11,UBE2J1,56.628925,4.449823,0.0,0.0
11,SSR3,56.380154,4.295384,0.0,0.0
11,DERL3,56.125263,7.5959244,0.0,0.0
11,CD38,55.96403,5.9747972,0.0,0.0
11,SEC61B,55.20221,3.2998211,0.0,0.0
11,PDIA6,54.795624,4.007645,0.0,0.0
12,ISG15,49.268368,3.6886377,0.0,0.0
12,IFI6,49.08396,3.7104557,0.0,0.0
12,IFI44L,43.042103,3.1895049,0.0,0.0
12,MX1,39.9177,3.4278572,0.0,0.0
12,LY6E,38.813747,2.1161625,0.0,0.0
12,IFITM1,38.623066,2.396366,0.0,0.0
12,MT2A,36.92656,2.6134539,1.732313281574211e-298,3.1837443382074604e-295
12,ISG20,36.754383,2.257698,9.894816145047293e-296,1.591210121325418e-292
12,STAT1,31.34435,2.695028,1.16158945402068e-215,1.6604275917751163e-212
12,USP18,30.913586,3.848263,7.845487816748911e-210,1.0093220076247474e-206
12,IFIT3,29.625757,3.8478563,6.962899951933796e-193,8.143427989238935e-190
12,XAF1,29.552263,2.522733,6.141844820294399e-192,6.584569467757286e-189
12,IRF7,29.214378,2.4530358,1.273583413217402e-187,1.2603577393109137e-184
12,EIF2AK2,29.154184,2.6844325,7.393738643303613e-187,6.794317689007212e-184
12,EPSTI1,27.956356,1.9355938,5.517928457290624e-172,4.7325433068695915e-169
12,NT5C3A,27.796486,2.6120942,4.783464230456265e-170,3.846204207801241e-167
12,SP100,24.383718,1.8106996,2.5456880483908793e-131,1.6375138371274332e-128
12,MX2,24.045805,2.4270685,9.235396622404656e-128,5.65777988320171e-125
12,C19orf66,24.02156,2.2265139,1.6555749966067026e-127,9.681351059702376e-125
12,EVL,23.88417,1.2634075,4.473570911434517e-126,2.5022821641567416e-123
13,ITM2C,46.10331,6.3268676,0.0,0.0
13,SEC61B,42.56631,3.553264,0.0,0.0
13,TXN,42.11315,3.887108,0.0,0.0
13,IGJ,41.445095,5.6270337,0.0,0.0
13,PLD4,41.367863,7.2947726,0.0,0.0
13,IRF8,40.529827,5.226782,0.0,0.0
13,IRF7,40.421974,4.4508114,0.0,0.0
13,TCF4,39.57658,5.820356,0.0,0.0
13,CD74,39.004982,3.7163146,0.0,0.0
13,PPP1R14B,38.966488,6.508433,0.0,0.0
13,NPC2,38.92709,3.477177,0.0,0.0
13,SERPINF1,38.890812,7.7076,0.0,0.0
13,CCDC50,38.791508,5.446016,0.0,0.0
13,C12orf75,38.656204,4.119732,0.0,0.0
13,ALOX5AP,38.617096,4.157102,0.0,0.0
13,PLAC8,38.328575,3.107429,0.0,0.0
13,APP,38.238396,5.043821,0.0,0.0
13,GZMB,38.0286,5.168144,0.0,0.0
13,STMN1,37.62403,4.14683,8.7006834313472e-310,5.891278544435892e-307
13,MZB1,37.14728,5.1349177,4.850020966323649e-302,3.119775986587687e-299
